GMM,BGM
148.31883977326376,143.22701538192686
149.81851776627238,144.41670407456095
150.20713105939305,144.85267953679718
148.96987164779543,143.60505076731806
149.20288519715012,143.83946460432557
149.96584968749198,144.7565420715537
150.0958038514363,144.57125169285948
148.17790083756833,142.67649699520288
150.10984561574506,144.60807603055198
149.05300232639675,143.6518654181401
150.41398123750736,144.92943477414306
148.5401316495328,143.00166122960084
150.20070850505343,144.66232287401462
150.23165079562278,144.64676078983248
149.28487007774513,143.78854398567074
149.99349773004664,144.47940646403606
149.89928656461123,144.47273151329668
147.33385534361045,142.096727219595
149.85201255390768,144.37052223024415
148.98063402239035,143.8279633985173
150.1103214554783,144.66629892590257
150.1933648950759,144.7125208205299
150.28677891266656,144.8309423842966
150.01492392093456,144.6803898018467
149.390626898601,143.9762195841418
149.08953288869768,143.8609658253156
146.26805395976595,141.08397430556673
149.8409847743271,144.57247733590648
149.4612951717803,144.25530008119014
149.64088714737855,144.37612924948974
149.14771601397538,143.918803516256
149.73347308332353,144.5304711671803
150.107109893382,144.55400952900825
148.67040311540686,143.32045891226062
149.12520770716094,143.61959416513312
147.52680132349022,142.13520113698362
149.26882610983924,143.7742033627624
149.33714719629032,143.86356553091525
149.84744678635283,144.33356700209555
150.3741902502394,144.85604821654348
149.20503034813837,143.84239700433395
147.6638625559206,142.63500658132307
149.65448890656123,144.12935293000857
146.85183410814713,141.68721215768903
149.05901290888295,143.6428324176911
148.0806229533131,142.56812425652052
147.81464645711668,142.70979331289692
149.49772504808936,144.1093018239874
149.6738176118175,144.39673954094363
148.97230637378553,143.8913637705753
150.20713105939305,144.85267953679718
150.4447657687455,144.8381232480879
146.52268360172997,141.3198570496774
149.28916736952857,143.73353823818468
149.01673172119052,143.54315246849433
149.05300232639675,143.6518654181401
150.07486460571707,144.55510263788764
149.60993799877483,144.16897165236682
150.28677891266656,144.8309423842966
150.16891111350847,144.77862874319453
148.86839054929155,143.56721218644773
149.03993170467749,143.6187979097938
148.1792736309352,142.75140993647238
149.62242538350932,144.32699258788276
149.97129573011676,144.73414823051033
148.20790011147895,142.78772615032014
150.06360293547434,144.62380791485444
149.17935630531548,143.71162905959304
148.4899102934262,143.61129390191013
149.42629797911448,143.955536305616
141.24090985850444,136.9407157978008
150.44485139185167,144.90820616696104
149.74964962554262,144.3283716560459
150.01903426736547,144.83770025997862
147.70699785188705,142.05429424915883
150.4136000864394,144.85549626976012
145.13512565727265,139.53366251912942
150.04269769743445,144.4699807077721
150.23470318550744,144.6809518769857
148.70991413604548,143.92282703407915
149.90487735893393,144.44031010241858
149.37697424347905,143.9261151344436
149.76626839292604,144.2560047399805
148.35998500018522,142.9616843161369
149.87518910058472,144.58210992881007
150.2638331712529,144.9385129707873
146.4440125084579,141.27690767864758
149.53396391390294,144.08633616018437
150.33755638437154,144.7681212748134
147.2783498181272,141.9935965698296
147.43752283763368,142.35152999477552
149.26930742881933,144.11735761085592
149.78045587500472,144.48393203359507
149.89069292116437,144.55165953160454
145.65494566920785,140.38965621139522
150.41360008643943,144.85549626976007
150.46088372979114,145.08952496907432
149.86451829720872,144.510492362763
150.39121397333855,144.83377672376344
147.4966399323654,142.1648483964731
145.05556365969386,140.20581787682832
149.91973754824525,144.43731810628134
150.13542340550725,144.63977387068388
150.5939647889084,144.9818680990468
149.90605533554094,144.57921621075425
148.51018423121369,143.44923234446634
146.44094529940884,140.95518436569265
149.82824418240693,144.38789778527226
149.5229993509357,144.06875976202133
149.91428491480283,144.48271932423899
149.84712273510152,144.52012137434522
147.3032100774174,141.6933296759563
150.00117289982805,144.68117673812029
149.33022822045444,143.8138540572937
146.70745081213315,141.2456042734664
150.32678758813364,145.03877649236173
145.82747824714747,140.72844132080363
149.8455668259854,144.2907876392554
150.16374363868832,144.7771552690489
150.72520225891594,145.12660654521576
147.99200610815456,143.4274607725215
148.90522197994952,143.73171301560058
149.74656446362908,144.60476553611613
145.03833835227303,139.50860004464167
150.05351500103325,144.54763083077682
145.14101627910586,139.65640901137022
148.82529796523391,143.35270261084244
150.4229919454476,144.9728169278667
150.41398123750736,144.92943477414306
148.23641143377353,142.96194973466882
149.77095418759006,144.38252159344407
148.47635051278175,142.89650245117713
148.68736217481853,143.4412647565218
150.01492392093456,144.6803898018467
149.68095822772227,144.44299300730802
149.66028710003079,144.15471264240887
150.38073216643494,144.8084953337619
146.51255789425957,141.16635802763284
149.49312659823573,144.13967001572613
150.21557681066255,144.64187396384875
150.037918095892,144.68503214657682
149.13616403822596,143.5653019017891
149.58675141805074,144.2101096860971
149.9626394888252,144.38890101672405
148.98979463136217,143.5812186011515
150.29688765223284,144.79888776887958
149.1300190398889,143.94114156062264
149.9672171653152,144.7352919216618
147.57399633661544,142.95134154097536
149.30565638994025,143.98914782596128
150.51288554663662,144.93037310032724
148.52989531113903,143.18437854081316
149.75174042554667,144.21727986766766
150.16345934177582,144.69628526331215
141.55445159103604,136.92093830964137
148.83797429313805,143.51271603939284
150.05497450981872,144.445913776324
148.82529796523391,143.35270261084244
148.9190741809082,143.35737134575018
150.39784237493112,144.88890679033622
149.94196279949554,144.72440831318292
149.93097675144108,144.3668206402866
148.89097889768192,143.4946533801365
148.12662941633963,142.5979706490971
149.04727460668977,144.17176976611754
149.97280491539797,144.47992480443062
149.47080103327252,144.0037726129717
149.49039441860188,143.95582661611635
150.4705098007838,144.9212778508302
149.12682289022132,143.82429507139108
149.80464640641793,144.44510293925813
149.84237756956992,144.3765230418645
149.82437722798164,144.3905095168806
148.48509219666926,143.27819346435896
145.61273423886175,140.19234531106295
142.1081239728609,137.70757869366716
150.4322678665405,144.9683582877507
147.16666837158536,141.5724808741465
149.63838359296508,144.20502386200351
149.91305950098777,144.5840037479169
149.61288850877358,144.24523834013095
149.3056563899404,143.98914782596117
150.0314807571206,144.84630561526706
148.67718153495173,143.47389648845444
149.35589694574122,144.09944927783187
149.63420325288513,144.11033018448128
147.7069978518871,142.05429424915874
150.13639225463302,144.57693585883266
149.82879544803433,144.28302170944167
148.99871617329146,143.37310727037334
149.5318441391722,144.49237687563786
149.15119019552435,143.70859110680706
150.2476020148882,144.68279718827762
150.36345296909755,144.772496864031
150.2917315823013,144.7761520626612
149.80851574563619,144.24712194973256
149.97440496065687,144.61956093231717
148.83840573380002,143.4585547226323
146.04041135341058,140.68351217314694
149.5583168886195,144.237935295221
149.65878992204898,144.2849696307321
150.10130553973661,144.75108218825238
149.55384813019893,144.36086695148717
149.63000992997064,144.41907273166703
150.2867789126666,144.8309423842966
146.12727795360126,141.26006360477604
149.9934977300466,144.47940646403606
150.48810677060936,144.96658464973288
147.75183600931933,142.19656791535326
149.0854682800955,143.72494693975904
150.68168649233058,145.06786006994997
146.178497850728,140.92683381692865
149.88451117637175,144.58443739678532
144.96166952501156,140.046390763731
146.70745081213312,141.24560427346637
149.43936410490224,144.07528799453644
148.42275564058244,143.25491030958378
148.968966496477,143.85963444895654
150.68360778498052,145.08254196872264
150.07915253985902,144.67018312944404
149.76170360608293,144.54619710172318
148.85716279346963,143.49619744239297
148.57999710989532,143.4504830014624
149.5551746181991,144.2525230466584
150.77011518579633,145.16798024152237
149.59658122136952,144.1507565154127
149.40169047101716,143.95950752510916
147.4570930377054,142.2857589238158
150.37657172960763,144.90524708578158
145.65324910230922,140.55596161380754
149.4943543758101,144.33418362936143
149.2302502855318,144.15244048488375
150.06863802165347,144.58860239724788
150.0411984855811,144.5155106214158
149.7667577708246,144.28827799532036
147.55488372769702,142.05718835818914
149.80272584190652,144.24851264283305
149.91449087045825,144.4612879501109
149.25485159662801,144.02264637561754
149.7104860401092,144.2983890315761
150.05339688300188,144.6190110254019
150.29160656118748,144.7604378802829
148.05275979657122,142.81690657884374
148.51090639567985,143.30922867928362
149.76361436250534,144.29450758017893
149.9357405507719,144.4024442944962
149.97116873049876,144.45297516127957
147.59961633137755,141.9982470744913
149.9166220986157,144.38696737829505
150.2891231240548,144.69671634705463
149.42362285137995,144.09184173135304
149.92206758509883,144.3787122372644
149.83303537875716,144.40112625611962
150.24045931229563,144.65058898666686
149.4220005235383,144.12756712860786
148.46735450217415,142.94683822082828
148.37325142339046,142.95741736115914
149.05758317343435,143.64904414082812
149.70543526120983,144.30736632132778
149.43936410490224,144.07528799453644
149.37128850540293,144.21947567458184
147.21925092305702,142.08155819420625
148.1690444522302,143.2513633475261
150.20625072213974,144.85357591777688
149.3481576659725,143.99957829369157
148.25563923437565,142.75949211553092
144.04821365698172,139.78475694665073
150.05602572752377,144.54916165634748
148.7092561919845,143.5107882910353
149.62166736039072,144.37352481579876
144.85191185291924,139.93685470186753
150.23497928072211,144.85914978699154
145.1681569542981,140.0909129768473
150.13806135000402,144.63554389719113
150.07486460571707,144.55510263788764
149.62013659313905,144.1847605279138
150.16819441378664,144.62484649640786
146.26326027585756,140.6167786631979
148.8933184131662,143.73907161661742
146.34121635730014,141.04072869210577
149.69637246970237,144.22471165313502
149.91132358627374,144.3446873171757
150.4481828998415,144.83816472200496
150.15395167518122,144.5633700344077
148.24721260357347,142.89180387015213
150.25846608179094,144.70554312122948
149.7133992071245,144.21437423710657
149.87489768092357,144.3521984843628
150.25375674213723,144.66961007144198
149.8295922635186,144.353257241493
149.85002878068792,144.70071346192083
150.7543629494655,145.18746549898734
149.4931265982357,144.13967001572615
147.48314052004463,142.10580332601344
149.21957773187611,144.24715043446773
149.7521396574903,144.24901730246322
150.2383079819014,144.60987798602184
148.17519121354965,142.6417288334519
149.6121545076247,144.32855121394735
149.71001325652168,144.161255863454
149.86349211889402,144.44697639768557
149.34160191016045,144.14746683250635
149.11564957778657,143.63687113536903
150.02923763618716,144.4676653088952
145.0383383522729,139.5086000446417
148.86839054929152,143.56721218644765
149.89928656461112,144.47273151329665
150.13452075829008,144.57252233553763
149.3167445687986,143.70572262249584
149.65164900706375,144.67237261553302
149.95147913615108,144.55736236215543
149.48072938688438,143.98083222639752
149.22987865358436,144.18238213767384
148.17114523713892,142.93179120948545
144.16287105528244,139.13658674084175
148.8157104940044,143.3566428281838
149.95053362389373,144.57751033072375
147.52544231583138,142.2185873393383
149.54882719399686,144.19825979844597
149.26964695804983,143.7202365864085
150.0455449370952,144.5545117642922
150.04269769743448,144.46998070777207
149.0793102587789,143.6598735077472
144.85191185291924,139.93685470186753
147.4359407230592,142.2596256049308
150.3938689761682,145.0295654651296
149.65919541905876,144.26546764286843
148.5435068252515,143.24151950922956
149.22469194629886,143.96641982523278
147.74531562330182,142.8203032113118
149.0525941047564,143.66150779459596
149.18312403675512,143.76707988206252
148.94734113601538,143.39150815933084
149.80702712510708,144.3657467816101
149.64088714737858,144.3761292494897
149.65829617392743,144.17458377678344
150.252131240157,144.95946343915344
149.7839668139945,144.39346879941516
149.3827396447093,143.98239665934508
148.52989531113906,143.1843785408132
150.33756323864642,144.87953948943874
139.11194047725925,134.83905564070045
148.64669286419357,143.39569080304418
150.0547530679558,144.4787702896955
149.1001210309433,143.86086671335875
146.50035245334507,140.91697646639477
147.20358330850004,142.05519947985167
148.08296130869468,142.63321483254776
149.83812809163297,144.4957087298257
147.9864345517507,142.3544671527702
140.68010469184006,136.0798597980324
146.26326027585753,140.61677866319792
150.4991474294752,144.99929239121002
150.27267877401204,144.68577526527739
149.71001325652176,144.161255863454
149.36858182562466,144.24455999653435
149.35874060971705,144.41006171508405
148.67557500994857,143.36779199053674
149.39062689860103,143.9762195841418
149.87673595278352,144.4317579550084
150.09836773114012,144.67773825868852
146.50035245334507,140.91697646639477
148.89780290322187,143.80093640886176
149.93079047801598,144.6471094271251
148.08062295331325,142.56812425652063
149.51276313082022,144.08998864696466
149.98848206481668,144.5686323950693
150.5216267366468,144.99979989065812
149.5583168886195,144.23793529522104
149.81420980880043,144.35179491449773
149.6430899817623,144.4597903865537
146.56731840343653,141.02889426853253
149.52712790386875,144.10913488313616
149.13371595280728,143.93412576785042
148.73665755265262,143.89523381943678
150.1716276380573,144.73021949888167
145.72894717687393,140.2269937202381
150.1593535028952,144.66633780495874
150.33175484426812,144.79673853960185
149.82481973166742,144.20100689703
148.3804020356151,143.12943677170966
149.4631524628352,144.31515008812153
150.01978921842033,144.5946430197498
150.12578744631386,144.8814001983258
149.33998521494797,143.8962253970295
143.39439579709546,138.66682154848513
150.26706976078046,144.7322946769004
150.2547982177549,144.7104647343061
150.39784237493106,144.88890679033622
146.7370195404534,142.3710735235488
147.92483484716297,142.494167779362
147.81464645711665,142.7097933128969
146.76287245363773,141.5195310157303
146.86386932230928,142.01553983041413
149.53414044154945,144.01469446612944
141.51667997476096,136.80712230679669
149.7523378534437,144.2824842280235
148.47635051278178,142.8965024511772
150.45829537426707,144.86007703706994
149.92636922571208,144.52682308794522
149.56928840064597,143.98620038410803
148.93472507984256,143.8913867297256
150.03669573341807,144.4888590295555
150.5291644783043,145.01279934824643
149.14619537710186,144.17872482538732
149.94236039336263,144.60354110064696
149.82426164109606,144.37104046205368
148.78685694679945,143.3921533662147
150.01903426736538,144.8377002599786
139.47340716406498,134.77638519791694
149.34482193945612,144.18595102548412
149.13781856103424,144.26584876775365
149.11564957778646,143.63687113536903
149.53757941699072,144.10701696251806
149.6872608166775,144.2887179976036
147.34093022711735,141.75827228844602
149.63150435375047,144.5034300931835
146.44401250845792,141.2769076786475
149.03921168643114,143.57907820125027
148.93472507984256,143.8913867297256
150.0683134661155,144.53668010663023
147.20358330850004,142.05519947985167
149.08707858797703,143.9300375540604
149.42519495794906,144.35095063673927
149.555174618199,144.2525230466584
149.5775402302136,144.04241900497996
149.95136023094787,144.47224904651858
148.60699015689596,143.13908356218784
150.23718831268573,144.66286710973034
149.36911552658157,144.01879158678247
150.38891339130635,145.02657647192757
148.84435249196824,143.95306415742002
133.1908280779016,128.56703005562338
133.70264097829124,129.5273976165779
133.19859733029176,129.22671511062424
132.22525545564727,125.35906245294447
133.7958551017784,129.3962502078088
133.256640136983,127.68529405415144
133.63112463856314,129.6725033109721
133.86472767013947,129.75013172417727
133.7983594455199,129.50455614014948
132.1411057441257,128.11653661675632
133.66849849460723,129.67472265017346
133.74574607200915,129.58678806488678
132.31694168503938,128.6293201371517
132.7167348807413,128.8776914736996
129.0706004972514,126.43391261270763
133.65786312234172,129.4791725749496
125.57008360997905,122.9595592264718
132.8060934747163,128.77370189534383
133.5622743521666,129.38700959508355
128.24361235371697,124.34910403871326
133.4983032903907,128.93487739715675
133.4282620091811,128.2482453463242
133.29349815174686,127.64876035592114
133.33786885699553,129.31540892934424
131.8805542481222,123.76789429611227
132.96220447882249,129.00269859007767
128.3703260868511,126.92330547877819
133.43121284389937,129.4380144955718
133.25664013698304,127.68529405415144
132.35147904877581,126.31735941471455
133.13901493327012,129.0926485365129
127.21358090404635,123.11576043893372
131.59071253981918,127.47536892854806
133.25621938830744,128.70532008960936
133.11652411237148,129.25962067834007
133.8192941323444,129.28967053212688
133.32345516079718,129.43773198334185
133.12997430035637,128.176704949731
132.27949806877763,128.44896677617112
131.9639619041602,126.41445921464475
129.3868690439621,125.37701724095805
127.96812477944451,124.46799858702587
133.51048408135333,128.95776884665048
132.9138622076787,129.09121252934705
133.31053294023408,129.35523175859583
126.67413297555993,123.14593050664635
133.32286500573525,129.25508870685655
132.02700390168383,128.5012284634097
132.2083049877761,128.2260716552044
132.9626715021197,129.0214181514695
133.1548405228345,129.2993751568318
130.86311369289444,126.72766557777172
132.7097462270908,127.68574683741328
133.42324874312376,129.38985671108907
132.7079150625367,125.99849046989091
133.45197723378797,129.06994613596476
129.7067791177163,126.31147156005228
132.36770338461113,124.92513095222172
133.25168489701258,129.194266700656
129.57402402465692,125.81852231853672
133.3473478623956,129.2112726411877
131.72506384431506,128.73384944102867
132.18728118464313,128.28089174495796
131.72228440107455,128.2804824703528
132.67169593131294,128.84714020228836
133.1066068518592,126.64737702563218
133.5546589063572,129.45375402568072
133.75963837400553,129.56265852438366
133.64426382036712,129.5256797878124
129.52182666321528,125.70147906398842
133.55282142188653,129.44395485433637
126.99911970109642,126.32197385804302
133.41242343445143,129.42370837985328
126.62521013379097,125.49383902146003
133.15501474082282,129.19675667001326
129.86513547039235,125.83257002331486
132.8742124533366,128.82144839780244
131.52546453590097,127.57997410779622
127.25347650909833,126.56346413759269
133.63632051573362,129.42668725953718
132.9363623710908,128.93648878078966
132.37617426089955,129.03675445796716
133.00139783184358,128.51095337016977
132.7947656036918,128.8282683551463
133.5556617286398,129.4396231847469
129.67478128857894,126.69750729115935
125.26563486617034,121.75973887710236
133.38513410371004,129.26917350370059
133.390583619923,129.31700128917782
132.46944533839775,128.53437986233592
132.79106176764114,127.61629674151574
133.2855113921904,129.38713135339526
132.63434323799675,128.8397737079303
132.38055581041766,124.41267072300136
132.28080994656932,125.7182162554189
133.36771444813536,129.22103741734918
133.68213328106,129.52987229490049
131.29655530945854,122.40520578534836
133.3065779860072,129.32085613631352
133.35816217724533,128.99501517941877
133.74118639825366,129.56304052357342
132.8671607603718,128.8626371035964
132.8831714614751,129.0233011746991
133.37312742168345,128.91088134268898
129.0756192674545,124.09506709856718
133.69348720712935,129.5507445315909
132.68839285352527,128.51239452169506
130.93259597132965,127.21082556453105
133.70471626725407,129.63281258851686
131.4143368548468,127.41818619018433
133.4393802711447,128.74817556562908
133.19744666724753,129.12711557652665
133.08881003893026,129.1333562800155
131.68106459511344,123.54304263987126
133.01080174034934,129.03799193151087
133.1162434520984,129.10374354216515
128.04590943755557,124.6236207236537
110.62167538862158,108.30625508450481
119.14912839715284,115.25128523495428
117.32999617577542,110.84939218279762
121.31342970074499,116.17116107514624
121.04173889508918,117.91862434793848
122.55806663621652,117.4801161826454
113.9766834612925,110.90861927893643
110.4942906026327,107.4777921977516
120.91982526592206,116.48224614067468
111.68309262263472,108.52226886328296
122.69846371166618,117.40911548535475
114.70231746600078,105.89004626625889
112.90204267200849,109.65638487570689
116.71000779130848,111.33158127634644
121.47478385782634,116.65401147148117
119.18806514575871,115.3061257662839
121.56500896383565,117.00763158562248
122.26376028852584,116.87291131370242
113.04497860031486,100.95663967394577
121.66960085187478,117.60095797383728
121.27170923892804,116.44892115174036
122.55999384612629,118.07122335219543
115.64793246663706,108.18428801349637
120.2541113277067,116.84280155536891
121.08471982481304,116.71148837283293
114.0564170302698,107.28225839785333
118.62352379827415,115.21998288103875
121.38160049137275,117.37335707765192
118.55651230796563,115.18664051387617
118.51926164545434,116.60421912034431
121.4832353589979,116.04555571118115
122.03936080151246,116.8468235196109
30.617379561188784,25.80178308018492
100.17623092004675,95.96467027905457
85.7040090021281,81.48036329000267
80.81291272481148,76.68642551639755
104.90769891323578,85.31703172155862
98.10835040668341,93.99555913443268
94.50488369812405,90.24125126879113
53.82041685726489,49.51914082769831
-11.576907050651899,-15.944299581944534
53.68171587401986,28.50922203937071
97.67823267544317,93.70356767356634
82.24921625783254,78.07404173530847
74.95457389251875,70.87449848409302
75.18754226303685,71.08686373255196
94.67208641209271,74.63941034697748
18.58702748899792,-12.364613248040289
132.49570685438468,126.9247291020696
133.7239269959392,129.55627758131425
133.68230670685023,129.573260009722
130.76173619740146,126.73609906160152
130.30667573392827,126.15834397215855
133.47480722161993,129.4498156381298
132.7694473860868,127.88268733734812
133.78522176267552,129.67558990601913
133.2706080764434,129.2577279467268
132.84170869481306,128.92362209197717
133.5634243066172,129.44371254331577
133.09321350756827,129.09736393752098
132.86911219912272,128.88234328547492
133.36456560528268,128.60535262912373
133.58126941112747,129.51250042563026
133.4057984755292,127.84124151183859
133.73958184366654,129.60334011201792
130.48173559429418,126.32531767061849
131.15727611882517,127.54325979951336
132.91478793803807,129.06860024884912
132.78313675189295,128.99921179187697
132.91130491114603,129.0828153311561
133.26920253994882,129.3275816058412
132.5569533332079,128.49677060559333
133.50058588808642,129.36824001089144
133.4373669178486,129.2532223404279
133.60065158719806,129.1179515796489
133.63897665833477,129.53372494773322
132.6339882564306,128.71389146662602
133.57894164228009,129.5588922367744
133.1654636967096,129.144714313828
130.2381151578675,125.37652594777404
132.74592483194206,129.00606627845258
132.07188958866055,128.58295215907708
133.7492122654452,129.63580282765213
133.63407521965192,128.82718721324073
129.79678293311406,120.37933710324708
132.76064938162304,129.0042687859231
131.40080460174983,122.7918214466868
133.3692681544116,129.27858946248926
132.62547051908743,128.69163792403117
133.59152857548304,129.5106934146188
124.42790738417688,121.54602902308389
128.65451576253426,124.74922439057042
133.54703497959562,129.59344398781496
131.5958994637881,128.1122841820154
133.64205869738,128.83979659292476
128.72022027502183,126.17041586333222
132.99985371068777,129.13052387766282
133.10621996240812,129.12840308821302
133.51633828919464,129.461077440206
132.6072837228527,128.74756595808674
131.93415846629208,124.22019588811847
133.5075351262043,129.4924658147835
133.2510331028175,129.31994424330236
133.75919621319105,129.67031342837726
132.55651513611483,128.6282177025194
133.10599861866592,129.1806952639144
133.71954587624893,129.61042005885207
133.2959963535572,129.45957980295077
131.45861068356984,122.41914411532143
133.03164174632968,128.93834315181425
132.62167001869236,128.5032961677632
124.45441181753918,122.28165789173178
133.5556617286398,129.4396231847469
133.37072826710053,129.3638024503449
132.76944738608682,127.88268733734812
128.7368421038624,125.49853956500121
133.3391689974083,127.79368636221069
133.58023748665394,129.53580413861698
132.71618354963624,126.45777457766386
133.40157992404588,129.3975102922132
133.72651168080165,129.62731574670568
131.41189496501534,127.94631528207607
133.02889198848837,129.15884005091493
133.3019989810467,129.13613280525783
133.25614133822944,129.22153364426072
133.03427292725587,129.15436367101495
129.55000339851756,122.02709492194661
128.7509892951656,126.95693289121218
132.3529780484194,128.5832834908009
133.75290416524984,129.5273429373496
133.73146930129187,129.55405243970768
133.31968546414666,129.41630569642547
132.92211481468917,129.034970440998
132.45655672328888,128.60918761086378
130.4963583491099,126.39131667865058
131.2534996886042,127.12637479977708
133.01752257290516,129.29049428718105
124.25792990090225,121.71447341611865
132.9626715021197,129.02141815146956
125.22959077120092,121.8790337811851
133.73448692719836,129.69748517621377
133.65786312234167,129.4791725749496
127.17569803600077,123.99097540045136
131.94344777310616,124.31840729815131
132.93215655267244,129.1575765057123
123.62845698807439,120.20932848841451
133.2535344679374,127.13682406907323
133.16993670715675,129.18038385831505
133.57894164228009,129.5588922367744
128.15965150436946,127.16351757410587
124.0288953883454,121.98596434662393
133.7395818436665,129.60334011201786
131.6742646164991,128.13235169045424
132.70727638792278,128.7765232742999
133.56638593446826,128.7556450650868
133.554409263161,129.48141299284157
131.49371776251377,127.61673410745591
133.49209549426882,129.40910375515426
133.4437942294851,129.18165095991122
129.6980347340346,126.35817031127525
124.68038477688418,122.54358179780482
125.86362790002761,122.84164385436901
133.62229551976452,129.52852668736966
133.86961625382816,129.70482733430174
128.66220663644674,124.19850276609401
129.39061001727663,127.00436383502844
133.2881499062057,129.21879844896978
133.159318218284,129.39997384090765
132.67712729397064,128.761150038986
132.00150900271663,128.09965545112397
132.8508318257824,128.95272058959046
133.45528315665473,129.39058887429724
133.53326615514476,128.79664031126458
133.54703497959562,129.59344398781496
131.42117187323876,127.90140519248077
133.04167464599695,129.1491326176445
128.11175273726457,126.59697597471288
131.92132163018834,123.99024033054562
132.24228838008344,124.59642048639486
133.652047692832,129.5045044858245
133.40954769058214,129.36910047938204
132.9357118305396,128.774961040846
132.99992963542192,128.6756042956415
131.92154937642763,128.25666485186986
133.11032319652887,128.86619887309172
132.94132220909165,128.9910212946765
129.02589421515194,127.45175445316387
132.765553758132,129.10183431922053
125.33945527437538,122.45924405808549
132.98215645013863,129.09093682220208
133.5944660403934,129.53695472306384
128.27848768148954,127.34261344164346
124.9146560821484,123.17124163311688
127.58799198731245,124.98716177956754
133.09680946504687,129.11414042870587
133.44158522032205,129.44527954180256
132.40839983547573,128.67241222013513
132.7568144220397,126.01735769746898
133.44753099975247,129.35816971316734
127.75196263253716,126.98249159433402
132.6077176604487,128.752721420932
133.20279443191362,129.33312686460158
133.57003219590953,129.20626755036164
129.3311884033803,119.54755330540628
132.74695820563258,128.61959446635132
132.30547617786573,128.57534427071465
133.37072826710053,129.3638024503449
133.4569692747924,129.45300050258805
133.83630257106861,129.75097107818044
125.9305131361261,121.94668059861236
132.684774090016,129.0408874352562
133.8318359054171,129.65662159635076
132.70727638792278,128.7765232742999
133.54582345308998,129.4299088855575
133.52134649565494,128.74148531758567
126.40107249001053,122.44040433858987
132.86484118856598,128.73919758725447
128.33886651195138,125.12770666759414
131.92164066247003,128.0098988560366
128.85335992907807,124.71846780355155
132.26610890552132,128.67769250942365
133.63423297843525,129.51692328752665
130.24619492806994,125.31535062384893
133.14354308632204,129.00314341310764
131.177791237852,127.11278732102211
133.72498744602308,129.43639507159793
132.94051068646252,128.88875687264357
133.01403492719112,128.93889060039817
131.4492975427125,128.01232387022606
133.3065779860072,129.32085613631347
133.72498744602308,129.43639507159793
132.4421551080624,127.56613182546188
132.28347283913337,126.29758035336742
133.77230920337536,129.64578959145592
132.54004724837037,128.6765731447387
130.57592886947376,127.32445297041342
133.45528315665473,129.39058887429724
133.84990255470905,129.65342997307027
125.81941057757057,124.87746028480476
133.59014181588094,129.4327070050478
132.36595414685047,128.2840912210096
125.9305131361261,121.94668059861247
133.52171672904862,129.5543253180228
133.10436110656485,129.01740516347155
132.35019132241644,128.83871785650376
133.43671238189907,129.4046935470256
133.59690887035285,128.5325279618636
124.03926011413242,120.76111128183206
131.2725775524159,127.28012311275491
130.31791470875712,126.75419178435602
133.2211856096537,128.1889057700231
130.41399834878877,126.68424296291187
131.27857385373233,127.32006318030905
132.30170987093754,128.19555346789474
130.5641697609501,126.63458846820475
126.64090581023653,123.25717058866105
133.21937686466345,129.1735618559303
133.77402222305622,129.66274731734245
133.38609766621752,129.28505250058953
123.93934468245081,119.97669664211345
131.76406350511087,127.80673870740164
129.53879854344927,125.65951524320397
132.0513967482625,128.24894930330544
132.25157694929595,128.154454702892
133.42250347393988,129.34383009763712
133.8196121870574,129.7014115883768
128.81251917755833,124.99646114561126
132.09203504475528,128.17861589636232
127.89579934347645,123.81103532594351
119.98750687969017,116.25940397792296
133.13937798548537,129.1398452611736
131.7964531363038,127.8901556201018
123.93934468245081,119.97669664211345
132.21362470093817,128.09875506510866
128.57015531279964,124.46706029246238
133.2685204973257,129.19227826823146
123.78966771096768,120.11167644729801
132.63360457623153,128.50789148255149
134.00491545112547,129.8873066929268
132.26316395684492,128.18906090852875
133.31631601258402,129.24472427871228
132.58344374472713,128.48290563629467
133.2412635741308,129.15753028627142
131.94893750090523,127.85030582433991
130.86745195647666,126.78072531814315
132.8154548934511,128.77424345292462
131.30449584669054,127.33348935722269
132.60641014889003,128.63996076669366
132.39479448280647,128.28495281473943
131.59565347302802,127.6371560802465
127.53875698872179,123.43259259379045
133.45997083298897,129.38880778980757
133.15936688464805,129.05559605555925
125.04780389145454,121.42050481878226
132.75864699627783,128.68323831332606
131.42787352642287,127.36721281144919
125.72152053348421,122.14827252592242
126.44221777515334,122.38789701330194
133.55385958777927,129.50766499162086
133.26702460941254,129.16842686087182
132.96805099562772,128.8840266633478
130.88783391326155,126.91329274031848
133.07579730888747,129.02547558453836
132.14655624845355,128.1493147890987
133.4589760307291,129.40415050531652
133.9468315767288,129.82388484894722
133.06503619687393,129.06458462672703
133.99653268950874,129.88237224588028
131.16157669840885,127.22547162254507
133.31892026806514,129.24667352296706
132.12513070688027,128.16346415976295
127.18070657543137,123.16669641223595
133.26102285508912,129.24881112655697
129.36159378931666,125.48413584815475
131.92687601988405,127.87443376084407
128.93190649894362,124.92586830353288
133.46943001530886,129.35634838917412
131.03865169525426,126.95205352397217
132.8062087427601,128.78844776391077
129.07996556623277,125.065803341245
129.91564044398604,125.87233631979953
129.39248649575075,125.44960683655046
133.33162604684665,129.23507991241297
132.197536376682,128.07753062177335
127.68594456610145,123.56828133858752
127.16848359867586,123.17455865306036
133.31971951983354,129.22019239238227
131.8528766528055,127.95727589596454
132.02923168763428,128.12181416544956
132.60946833940412,128.8140671213353
133.4689135376971,129.3640091465773
133.6562520187055,129.5850242136808
133.1415624434137,129.12100678486405
130.18019233649943,126.35070588845127
131.5112162181889,127.43038903555448
133.1495080035133,129.03731838591557
131.4125972156483,127.42747503661242
132.79465207476858,128.71915766396125
128.85035686893116,124.9088937346315
128.8747272746929,125.04142251966499
128.48734668443066,124.54575345119011
131.5112162181889,127.43038903555448
132.50224673801313,128.45346190028954
126.64511034726901,122.51737558111844
132.11026259575902,128.15977026026366
133.17063490905883,129.12950854371536
131.82624578113084,127.76756411266594
130.68696259961743,126.74677129348879
131.93086195305452,128.061310048517
130.31662663357855,126.25230824062838
133.64369147189132,129.56853746011416
132.29431737819823,128.24595991027076
116.32683275454464,113.53959615082722
132.58212403236521,128.5226990649831
133.68738922711185,129.5834735023396
133.44171104106593,129.36654395586078
133.64366191602886,129.58101009005043
132.0339236396559,128.18177784462677
131.98569374807724,127.87644093627468
132.04489925708438,128.00683561556394
133.2429131693632,129.21811584634753
129.0653895995235,125.17108315938927
132.14655624845355,128.1493147890987
132.5274945338366,128.4904664812329
133.48071403963942,129.43863569446364
131.82399171964852,127.754889481886
117.91724336307047,114.69249444903762
132.68941363705525,128.55735220257623
133.20785973085026,129.1838010319907
131.40268869368882,127.43314092384277
126.29363696507791,122.45010696874269
133.8629840717261,129.77435205775777
132.64884687207967,128.7762049783073
128.26709265295617,124.1964454798617
133.74717329123334,129.64221284405448
133.24060939496027,129.16206288171514
132.95678470982037,128.9608177658946
132.3641940290381,128.42330128824443
126.84607524316999,122.96396242468774
133.58980977959462,129.50842445539394
133.0291728837559,129.00565824366436
132.02113448887656,127.9507746473313
133.09396760129863,129.09334228014274
119.19158768162683,115.75854392148555
123.88810281092927,120.19168502950149
133.1575158750841,129.1589249967388
132.78403559752022,128.7264251981881
132.52570756246982,128.56838055650138
130.59017059151188,126.5978964183403
130.5540857402458,126.5434881098933
131.55579679813374,127.46060920428108
132.05895885477585,127.96357801982869
121.2824339035403,117.9413639181027
131.22148910111315,127.1326805019727
133.84774167470823,129.7567091424781
132.85030995232592,128.8229441621708
132.07019878813878,128.03139331076238
132.48891588960728,128.44506179777443
128.6965075144702,124.61080581073263
131.31642266180756,127.20066507877938
129.84130439130826,125.73260332741205
133.80854006270442,129.6952577682843
134.0752169461457,129.95517949044785
129.00509286420038,125.01337433341658
131.5665837152521,127.49206548019119
133.62073805616293,129.51521078244753
133.39177050475752,129.27862328940648
132.5794476250686,128.57230657512406
131.42664743180026,127.36548624967624
133.38417087603997,129.3230573406194
133.06531487924536,129.10205817431563
132.93743193673305,128.83785560061312
133.78774609891653,129.73266946387275
132.6556239883481,128.52625154131704
131.50329178138207,127.50658641715542
131.08861716152805,126.97014987946751
133.56707263609098,129.4944106263523
131.00654336359753,126.88752575610319
124.85891868704073,121.11740889171307
133.53430610401097,129.43988244107766
132.29117765953566,128.54893384156998
133.33535919073688,129.30326555528939
133.13707710557492,129.0368502446551
132.79218197342112,128.87596543925468
119.7929121163015,116.48286295563442
130.74537549061776,126.7389779672962
130.16582945811615,126.05937808822694
131.9552533738645,127.89412394740545
128.99276951049615,125.1548820938048
132.62377659768762,128.50005959447248
133.39356782238104,129.30503947989416
133.15186467394008,129.12909455347784
130.959231093886,126.98075431418825
131.82243530537957,127.7832393884536
131.97002935606727,127.87380778267477
132.67699370130828,128.5492295777903
133.47871820435114,129.43544912571645
133.31467009000303,129.21848086038892
133.30788925654912,129.28338852208736
132.6445897167208,128.60546935247237
132.10441386031425,127.99564121772313
123.95865831186987,120.0033413830278
132.78187595322905,128.65056980746982
131.12230332215904,127.04036424059622
122.93538916463547,119.58945266519733
133.3501692924656,129.2401701100062
133.41311840694428,129.36585327009857
132.89741529040984,128.86548431570782
132.59571672666394,128.6263372011972
133.14258632745612,129.21014216137524
133.6114030236607,129.48999532573606
130.52315708945798,126.96058404517352
132.705022148975,128.61265295238502
133.78912896551304,129.7201622431549
132.7965901213163,128.75599342097092
133.27768032263018,129.27478088744863
131.88082443012996,127.84251443257655
133.56383697328513,129.49363914321958
134.07542786701146,129.9563292059724
133.40334693888622,129.3440589331509
132.48891588960728,128.44506179777443
131.86400903880474,127.78838743267757
132.1887725816009,128.07057701699603
133.3346695275603,129.24762522164457
133.47566027213242,129.37899508284846
133.7027412019499,129.6310061651718
127.09262809989735,123.43223128151885
132.1222366385646,128.01144231624403
133.12681114756197,129.01875910248162
131.37276088541245,127.34171194313258
132.65660748699,128.52997247762136
132.24969254568165,128.31327788388757
133.14766500139245,129.04558851878505
129.74890834973925,125.70923870748456
131.47154128371878,127.44970679974485
133.1169145101764,129.06851878151002
132.84173044102835,128.7861379761236
132.3683588998957,128.2660480863555
132.60165102949435,128.5204915191211
132.08138623830996,127.9751324879456
132.26891226799535,128.1922858250594
133.761762086079,129.691345554443
133.41106446701636,129.31567622145326
128.9199238547658,125.01048780263872
132.31938448684133,128.31233822212909
127.89973884110759,123.85127818798314
132.90635874057259,128.89453189227532
124.96832550870224,121.27055889144611
132.11026259575902,128.1597702602636
131.42664743180026,127.36548624967624
130.16582945811615,126.05937808822694
132.93117477533042,128.8055762824144
128.1476939321459,124.0877350505892
132.71311798056735,128.81493111890626
131.4659983355546,127.38219688026204
129.70821538987997,125.91349775568906
130.78834990400196,126.90924444863693
132.46164867161394,128.3409356457911
132.79218197342112,128.87596543925468
133.40601800086955,129.32392594865087
132.94930963594783,128.84666116885847
133.94729131420442,129.86678921625366
133.15741915568964,129.09260534605778
132.97140111176128,128.93429618978132
133.5231291063427,129.42966426565175
128.65641302114645,124.89740753523299
133.27419751215282,129.2383346263132
133.5823392269638,129.4949780040676
127.34049105228826,123.27054681494403
132.15410458626957,128.06138620857365
133.9156204030764,129.82092564054346
130.3166266335786,126.25230824062832
114.04336827717347,110.90186962401786
133.94886071042117,129.83998913682206
128.40938637732668,124.28398532630027
131.001688590708,126.92107025614446
126.1758901285265,122.16212506073748
128.08133451830918,124.22095542506828
133.3346695275603,129.24762522164457
130.94905167514,126.90485993928526
131.98858873161905,127.98504093502875
131.75732027583268,127.75577815097326
133.3099095447513,129.26245876893825
132.44987731008945,128.505559564135
133.60952429267616,129.50732880000538
130.4349608595755,126.45802741409992
120.91380537912896,117.5062020836016
132.29326994054043,128.30648033575415
133.77126545378204,129.7138288267364
127.81721460504815,123.76552879770213
129.04306725258573,125.04548453826337
126.673006923688,122.57678480265099
128.08133451830915,124.22095542506827
132.35838337706116,128.30151715027233
127.89478791541666,123.86122833817065
133.17063490905883,129.1295085437153
129.30934641238693,125.23392161692846
131.63817932498037,127.58123579672055
132.61209925105464,128.520193784227
132.86434560115268,128.78257407016775
132.02855908284812,127.93298277604289
131.8645498660226,128.01688013752317
126.0397779991195,121.9455036972775
131.68956449622442,127.57949408611337
132.938375653574,128.92135694367363
131.36112124148264,127.30295867656913
131.3597533546469,127.32445716661199
131.4278735264229,127.36721281144908
129.71899490720892,125.65810505601436
133.34988460348583,129.2575080891512
132.99671653304424,128.98568014157365
132.36835889989575,128.2660480863555
133.5040714248167,129.40826189965964
131.72751530527742,127.84459696836582
132.35509967890476,128.289492877675
132.8590408738097,128.75278624197955
132.19753637668208,128.0775306217734
128.94020026646288,125.17658938461321
132.92342576379212,128.92497012697493
133.65183419489645,129.58681129843444
132.8606036313888,128.7936572117556
132.03392363965588,128.1817778446267
133.13369754302272,129.01757128377176
133.31791525824485,129.29205751731666
133.26361091326535,129.26508001330455
133.57391579516556,129.5036560530301
133.08139166630193,129.05321870235105
124.12546405701767,120.65631366797845
132.09080228070906,127.97139176073723
133.10487865613715,129.03824246528666
132.1129068766144,128.177471313176
132.09708281300982,127.99114359909818
131.04255038451845,126.95571301737455
111.12410041829659,108.72280234426313
127.89771213418263,123.81473068530798
133.3841708760399,129.32305734061947
133.7155062388275,129.67211372163513
132.8892464276663,128.8793901788015
132.92342576379212,128.92497012697493
132.64515011158932,128.51900504222237
128.7118151910698,124.61142560834845
129.88939641321173,125.95324075276861
133.36526799293745,129.29398712386381
133.09396760129863,129.09334228014274
128.81790810858354,124.82268778230925
133.21213965785785,129.10199213573378
132.63360457623162,128.50789148255149
129.83847861994894,125.97582110178774
133.96926714176587,129.8798524428396
131.90830876905346,127.8255462159674
132.81545489345103,128.77424345292462
131.97759768707192,127.97165089377474
131.0341794694357,127.38403035552024
132.09708281300982,127.99114359909818
131.7456288448104,127.67896808109369
133.44795347515628,129.3730718016854
131.7438778466661,127.66424181839206
132.7830452861913,128.71155056922277
132.29772120318907,128.25012305897354
133.6187141090624,129.56657656449772
132.91246360207862,128.89233822707854
128.41719975256737,124.29742194082162
129.42804848328706,125.49034427099514
131.49070319514,127.3737418877791
132.9749324878827,128.90243640463518
133.459970832989,129.38880778980752
133.0959766257981,129.12910906738898
132.94697570477175,128.8323350858717
126.673006923688,122.57678480265099
132.88900858102542,129.00777446629354
131.74943251434863,127.70692653013971
132.1080391568558,128.08520028310596
132.24040481625758,128.2296797045811
133.2561979942107,129.2330904270571
133.19846073058562,129.18708059519207
133.64486220170843,129.57947533367417
131.8070649919506,127.79097891573146
130.6709797469413,126.64264692965239
144.73264397155793,132.2835425499377
141.52901239489927,128.50950356134308
141.24748896910162,128.2275857700953
144.3069669856595,131.76604749571976
144.51678287771506,131.77516302024839
143.99455421321602,131.20529485601918
144.16876344934497,131.48643901483075
143.75507232468792,131.26414325095112
143.74287107332475,131.6675500839135
143.05623038695694,130.67481929188227
142.20897864299997,129.1922474445824
139.16502583763577,125.7233254612448
144.92642250061442,132.5950179926475
144.35674958794016,131.8100273625543
142.62606782833595,129.80866375063601
143.57122474173576,130.89375403060404
144.90645913265269,132.6042385796345
142.43099621980303,129.5274046985062
143.69821740980052,131.38407633755259
144.24756608757576,131.5813600461463
144.05757212975936,131.35762274148948
144.41234198628632,131.79114882592734
144.4653390042648,131.75688843031907
144.0448429805016,131.72284962761427
144.85839675453707,132.4287282404619
144.92013427756123,132.34554430733334
143.092529872615,130.19996295960567
143.9063931661357,131.44654956618416
144.15524550068696,131.83533322983754
145.2558767457634,132.64928386383127
139.33102815813038,126.16640920230618
144.54762225982714,131.99727915466093
142.8954599853984,130.21265558698684
144.47339905883854,131.76458701330245
144.0499727471036,131.7567384471139
144.99308126844397,132.395902102418
143.13975426857922,131.30780345703653
143.5960523191884,131.7402306943306
144.53786324651162,132.18537895551952
144.47339905883854,131.76458701330245
143.84309570855288,131.53350976841824
143.40232662188367,131.07347940183365
140.27521495575718,127.1063861078592
144.84076202396258,132.49880254786768
144.88387932762242,132.55215960885045
139.775443798224,126.37800716373665
143.97070669337845,131.3283318629817
143.4004223901115,130.71330951680778
144.09592394336414,131.3783096949855
142.21174949321806,129.29390252918319
138.13448268592282,125.90974997911559
144.62621777750178,132.08375806047212
144.42652083001957,131.8187665305985
142.93318700713166,129.9611302434913
144.26895574528376,131.90295369821968
139.3854238688204,126.04555206432589
143.368360060944,130.7343506557366
144.25951933907172,132.21452300297494
144.12005091568045,131.3660565286932
144.5987732830258,131.86654766946327
141.67036562399187,128.5344091523108
142.82768507521544,130.74531672718234
141.39610110305804,128.3198637430237
144.43597893566977,131.7527467995571
144.13337956065376,131.49485588215924
144.11153481133422,131.50422673791104
144.0137173741731,131.39940947566083
143.99428943777252,131.2978928329121
143.70522683383788,131.8794234218812
144.44752333135645,131.6890333785115
143.5061624891635,130.68531918965454
141.65972699869107,129.0764552493722
140.57588122150707,127.87629197109551
144.10990298704706,131.59933846463616
144.68442241032776,132.35200782449544
140.69421284168683,128.37993993157585
143.88396430466832,131.49515302900681
144.88509634281462,132.18461949541773
143.63943985814896,131.04892484885409
145.05218857786616,132.50685663094907
139.07057237971728,126.6757123536968
143.0572493584537,130.2035504419864
141.69041359571682,129.66779451157754
141.3660633736107,128.75946677286368
144.28352627317432,131.77617381043837
143.03873441013246,130.4075846973061
144.05757212975936,131.35762274148948
143.62106898661332,130.8066693350342
141.35947478289773,128.75576660396428
144.40197924900485,131.87548896544007
143.2210874825905,131.5960373711743
143.71251741349053,131.72222441570926
142.83016041616784,130.07245248661326
143.91378031738012,131.40456943487675
143.89696115850862,131.05200869545564
143.08102737938668,131.1407615390366
144.43017292406466,131.74201850303348
143.57286526900555,130.74433094200037
141.46208704806585,129.67564137704193
144.41647144708054,131.68309335738104
142.5223152089946,129.80865842232214
142.65296571979692,130.3951465263741
142.915291148709,130.30606930020025
144.5326179341257,132.08040848416857
142.67716210703304,129.74493559724675
143.33321970048465,130.91386935844838
144.82979696307143,132.25935198715473
143.32836637380223,130.48682584790635
143.93024817844258,131.34807201458165
144.4670074212665,132.11720521911508
144.84618423936857,132.52010798717185
143.39241831350967,130.96738335310295
142.15065854419697,129.39541166718016
144.44278540121854,131.73205440586116
141.4066854726658,128.76215029221635
143.64843724822873,130.8628512743045
142.69280412619736,129.73209393602957
145.21096818882768,132.62346434429622
136.88144969558516,124.33189313985557
145.01026980575176,132.30297257619628
141.7229405308179,128.6196712727998
144.82270817660236,132.27527190966316
143.89129042720563,130.98730441864427
144.27220062517068,131.7149091410451
144.6109282845676,131.8896874670072
131.94481131351841,120.13409957854286
143.5038372929946,130.87668575032308
144.7166250544239,132.3131538010054
143.64236559095391,130.8566169692936
143.269869763308,131.10093030406875
144.67881107259754,132.00340540900658
145.194044353812,132.51631653555012
144.78676854197857,132.58075976455603
143.99723507777077,131.4061026982024
143.63943985814896,131.04892484885409
143.35234237697946,130.5009347153092
144.35674958794016,131.8100273625543
143.91042715511077,131.21137194568365
144.6682288886865,132.02880103903317
140.53605731822358,127.8343863744986
144.1718965314616,131.66191292428346
144.2036635972374,131.6934131697405
143.58226808208371,131.22924107417583
144.66855697562386,131.99795975964065
142.59434939137907,130.20093105963736
144.31857569069248,132.0469732194756
143.83053340298318,131.04309358775498
143.82834828739414,131.15227798463036
143.88512012726687,131.37984886901882
144.31960232160375,131.86862109569415
144.0153970904738,131.39066043420604
144.57719026310076,131.99929067242198
144.4322198170142,131.6614034148867
141.89880232850192,128.95045445012346
143.37143499640226,130.5342698241259
143.11414514908466,131.17738498816232
143.6621037481781,130.9565821696836
143.30646443784292,130.4770532360116
145.05928270092517,132.40819284679174
143.8298796571895,131.08251012196604
143.9531473317837,131.1502327776396
141.2808395187178,128.08261908638082
144.50572012658552,131.77059033463541
144.85839675453707,132.42872824046185
144.79153604408623,132.11701679567125
144.86835055025446,132.27395413202578
144.10688101428192,131.34847502404602
140.22465881154682,127.48070164139075
143.81157752405392,130.84382240715132
143.73056013316835,131.01028114364595
144.0096180173195,131.40889053934387
144.2658935171973,132.3947398637486
134.5316769467915,122.08945552926517
142.61991383620284,129.60823495375627
143.9887204701953,131.6467425624105
144.7821703105647,132.0829328326517
144.35674958794016,131.8100273625543
141.26285534526292,128.46158620499347
143.33321970048465,130.91386935844838
144.9677676776567,132.46248686786697
144.01458552019363,131.43855372013803
140.0601436879268,127.82632781976447
144.5591539607633,131.9316388466687
145.06344690730327,132.5354839461591
143.9696202310633,131.16637160212315
143.5734614611542,130.90852863261688
143.81001054397268,131.69934348431673
143.04511116471244,131.4728914028093
141.8681661696133,128.88487279011343
142.79281258225927,129.87101866528138
144.68327970494494,132.35619346493775
143.9335339151898,131.98759458576865
143.25282289999979,130.77676368444787
144.25615651489306,131.70259476880233
144.50044471036477,132.12617919399543
143.76030373490238,130.87879939516466
144.91567143555508,132.22700748294426
143.49457196655692,131.77502436456837
144.92134030680813,132.46233330838737
143.2210874825905,131.5960373711743
143.39620476412503,131.3687715666182
140.42072702623483,127.24157624813871
143.2210874825905,131.5960373711743
142.73444704462085,129.8951943207514
139.76436157234892,128.04563272331876
143.42191116100383,130.79530597714484
137.32467263150713,125.34672307508173
144.97280331892935,132.50997828266765
141.67036562399178,128.53440915231073
143.60625747448782,131.369868466953
143.47264494563854,130.6021557831462
142.9238929908272,131.36099640357946
141.8355970195123,128.6959757432732
141.72623847902068,128.69163359561531
143.53350618946013,130.8403901109662
144.47378254819435,132.34813472220753
145.19404435381202,132.51631653555017
144.95906019537296,132.47332723090489
144.48918280070558,131.7033867175137
140.39764963029074,127.12004771894523
142.81574508206677,130.55483936654747
134.43929689317156,122.10527833601863
143.60083455731004,130.82902274089992
141.35137094153816,128.38327215661428
142.4141853584909,129.58349347231461
143.5038372929946,130.87668575032313
143.47530743304407,131.08994683656124
144.61022513742034,131.94212546322177
144.0653682682991,131.135328374217
136.10667965287968,124.37076905554179
144.88702316826163,132.19623625423714
144.73094143555394,132.28763977582037
143.6436727071337,131.59877270276502
145.05950076058178,132.4906265194603
145.0421283047486,132.55572970457428
143.11742622837525,130.3956260006139
142.1448086077386,129.15375316186407
143.84369948567476,131.08329059172348
144.9219537128414,132.27032295540943
143.04559691910615,130.02309999008594
141.95196465996,130.0250476682433
139.19475852294605,126.15420143226517
142.03955257110744,130.59659124163682
145.03419344075593,132.696592917141
144.39111182983495,131.862720811207
144.26710432599262,131.60736952378295
144.82869125965357,132.36328946618283
143.9481552322817,131.11931880287858
137.7400732204619,125.51247661930691
144.89025409398775,132.3768296488696
144.11643595743013,132.02439809446787
138.80434336965945,125.32286680292401
144.33937679015366,131.79765536216757
143.4053110823431,130.83821657048918
138.08061605634,125.27374325584307
137.8917352922993,125.72507113750257
142.50152354606396,129.60773860024602
138.18539978817154,126.25761835082632
143.08508336978576,131.39163495952602
140.2801851167839,127.10362361654536
144.89818811662465,132.17599785009594
145.17467624535806,132.48314167289107
144.99578301721448,132.29945423942968
145.33608422645995,132.66672205720135
140.53605731822364,127.83438637449855
143.84133631270365,131.0968979828636
141.35140446472576,128.6675829063995
143.4985824954035,131.6207183401599
145.0541504755605,132.42591356905302
144.03353214853712,131.1318107117183
143.13174538451187,130.47774264731947
144.75351624291048,132.2216424275831
141.47419364958097,128.57284013235255
144.75876048331946,132.0569965494314
144.17187400579337,131.64046863274365
143.8969611585086,131.05200869545564
144.7330310839062,132.21380185652748
143.790213983255,131.37965474692402
144.75004513371977,132.26351571659706
144.9614921713701,132.3160242400417
144.52535764130582,132.02826271487953
144.86178844302424,132.20172782728912
134.6157673675242,121.28240547572082
124.92549989521613,112.6727365305561
144.56760475783625,131.84890201480948
144.3010212471178,132.14434932807137
143.35130000195966,131.66652205370139
144.6648198696636,132.03624041002843
144.0582817183339,131.49053383742216
144.77080441750513,132.2406425330554
144.5333347318074,132.30845895184268
143.13975426857934,131.30780345703653
136.17789767517314,122.70508979139214
144.01810319230498,131.9077580788196
143.21516383736633,130.81928169433536
140.285204125046,127.44068246333178
142.89545998539842,130.21265558698684
144.1361276230478,131.43924404383773
144.91846390968124,132.44405512028334
144.63689864948088,132.2713988843637
143.3082801512293,130.4683130160679
144.12005091568042,131.3660565286932
144.8746975042481,132.16504446193863
144.4107637725714,132.13763853907443
143.76214613290531,131.08621848248265
142.8258328453387,130.24954277134054
145.7180456528516,140.96332709097734
147.81654613895435,142.72815120794704
151.43598574118403,145.87604095284632
150.46729049723638,145.18909827515927
151.43442401059548,145.9901737499752
151.22000050805687,145.75446052147495
150.5866842125475,145.23161585727243
150.2679347827373,144.80918539602902
150.84382405689988,145.35105816924647
150.6406473947074,145.5702305171649
151.19309444595874,145.71161808200736
151.63780719923523,146.0523503375052
149.9141700116746,144.63124855666842
150.16824575941826,144.86558218952985
150.7349395186484,145.30632024149995
150.9902001089785,145.47279514163014
150.177863221744,145.21795750509455
151.52220698669132,145.93526015671912
151.66724663272953,146.0863610048593
151.07215384603356,145.72423430517864
149.9641356260642,144.69128278130398
147.24194822123079,142.09958871817847
151.14122362269745,145.63420559701785
151.20457587761567,145.66299573207021
147.99187001474843,142.77835076376013
149.94320434341424,144.31219578435906
150.5744534180207,145.3093385744893
149.79585792820498,144.35497104104394
150.4315579750243,145.27323872105714
150.36867945767332,145.13359977377874
150.61636459242797,145.46212884007227
148.92256829432193,144.0702931595225
151.0722940842194,145.7321937866183
149.2803894318194,143.90921175843465
150.60395410023128,145.42414584335665
150.4445958210777,145.215955582862
150.04875439762006,144.67982635052675
149.27480994069785,144.34447578411394
150.73961838698273,145.5719393586478
149.9949036268974,144.67723071321927
149.7437110332808,144.287489895631
150.07898407940746,145.1237503131007
146.7747847780484,141.27855401971473
151.19309444595874,145.71161808200736
149.80558369586487,144.54183881058057
150.2011405935775,144.77455999036212
150.06911597473052,144.7347350002795
150.53503886566247,145.0189213680489
150.91929616853466,145.42409086698137
150.93676167152685,145.51443036485944
150.5544935101508,145.3166145777406
146.75602607347986,141.20264750689316
150.5544935101508,145.3166145777406
149.71639917939768,144.9324188492975
150.7935469774117,145.58302406625117
150.07898407940746,145.1237503131007
146.40582856966572,141.06195280450189
149.6409304119176,144.1197766388665
151.26799597235188,145.69165997975105
148.67285501755597,143.1248092413391
151.01137822895,145.49170011495542
151.1867107619045,145.63573189657356
151.45777217198133,145.8603380539315
150.37879985029846,144.9404611817239
151.45135545849067,145.8744552943598
150.09520915926456,144.4667873415443
149.50614062047813,144.37191845000862
150.81016516029365,145.36642497876562
151.47710490200433,145.88499915921258
151.25501489897474,145.70344136352892
149.6805340578961,144.15803572710502
150.91511506565362,145.4395901213089
149.81830181336645,144.4403488664176
150.9433788855794,145.55942257086426
150.16051952083882,144.70525811144975
150.06894524576552,144.8493952366427
150.16301585151732,144.90651375252472
150.7349395186484,145.30632024149998
150.45998465432794,145.03096243183498
151.40849009331188,145.79637511326783
146.1653313682588,140.64571456415572
149.68499822899284,144.6324456700752
151.36932072389916,145.77028665008828
150.56246378011951,145.1261238677829
149.5496918585378,144.3821658787579
147.7526093416107,142.2048582189275
150.95900647154866,145.4498174821998
150.75825513930522,145.55929281616244
151.23514867372722,145.68105683542223
151.4035090845134,145.9002655764485
150.29494099628897,145.02556619566022
149.6843270010206,144.62646337917124
151.3268586992874,145.84259851564758
149.8702909791767,144.50245991110828
148.07411156165438,142.8146381878135
150.89603675125394,145.37190606241612
149.5354262712811,144.27936346962565
146.5893629286214,141.6284244255052
149.3726958411008,144.16418031689588
150.84618201636746,145.76801446754726
149.3817192027905,144.41389688087858
150.88894722870586,145.51388715364848
148.4422397100003,142.99512802518674
151.10626312103201,145.84365380117876
150.88162996522004,145.5463553641856
150.74727393987146,145.53789053451763
150.7841472631861,145.62324877700732
150.95209281893565,145.57002120819257
150.90280905196406,145.56383687106697
150.6359092897725,145.12981265406503
149.1566820132845,143.713197206499
149.07947348425463,143.70175664959777
150.87449539230502,145.52582219402527
150.934023427239,145.61009702848023
141.6838406531055,136.78283909934524
145.28606798181505,140.98895636558416
150.62671641470166,145.29574503178162
147.38351618941556,142.12157967666894
149.23612869698573,143.60772759584148
149.1566820132845,143.713197206499
150.196488247034,144.67968696868277
148.56387020651658,143.44807331290716
150.32728810459886,144.86845312140244
150.25286997163434,144.75121255350373
150.39437690833688,145.05076741173352
150.3483938331498,144.97115775318508
151.03724762756738,145.6770461179163
149.69329863146964,144.26622201198487
150.47820754472977,145.4902395608667
151.4717526444457,145.8526242857759
151.19309444595876,145.71161808200736
149.9195222507271,144.44134368917398
150.500949368672,145.0997383334106
150.77720594714916,145.42381071757345
149.15049765458573,144.06264107271045
150.38702425737355,144.88490939076806
150.69069302656465,145.39122763921827
147.47838613653545,141.96873808387906
150.86235506682706,145.53997798158758
150.59814269725058,145.2369223168578
145.8202743452965,140.73209315754085
150.6921125471112,145.1748560908236
149.00049099026884,143.8851211861679
142.64559195532314,137.6367434398948
150.46940096744248,145.03117179435313
149.83718425614322,144.4359060899651
151.43928379990192,145.89967587034414
151.12863352718654,145.71373606014404
151.22396512538737,145.7732112093719
151.05739444033085,145.65968977895284
150.13841606048845,144.76129317127297
147.47838613653545,141.96873808387906
150.56246378011951,145.1261238677829
149.2941790580641,143.806055385765
150.7757968832434,145.33975650352775
149.8422300114602,144.43988858970016
148.15593836579728,142.883691079948
150.5767068213716,145.18055784939665
150.08820221043598,144.68931457174858
151.3997304518241,145.8659952221166
151.00272403571398,145.6037737231786
149.94051367440915,144.66346996869848
150.4848812072741,145.1053903864346
150.77991679344046,145.31647999856668
142.03399459771848,137.41360592363125
151.45476641521998,145.8754416265496
151.4717526444457,145.8526242857759
151.29155409096975,145.96344308777785
149.38703482358324,144.19944294409646
149.30147145981914,144.28989874224604
151.19287428577982,145.73806300493214
149.9645544386699,144.6599012536022
151.1867107619045,145.6357318965735
150.72125615455028,145.4143983871831
150.89957729973816,145.5209688373367
148.28224708565554,143.69092107251913
149.17007898203593,143.87153884451575
150.9478080654355,145.48559372380214
150.05036463514963,144.7222786993066
145.7098738860022,140.5122019965708
148.11675471470318,142.6129420357293
148.8968578487714,143.32680876840269
150.92316490566486,145.464218876055
149.49754976683298,144.17708813854267
149.87083135991904,144.92810114870792
151.22155539217906,145.92286792751992
151.13360493013843,145.60968048042778
149.06259773832264,143.54647197886763
150.34903075145843,144.80884030153288
150.88471507321682,145.4230565878506
149.371391456682,144.00523850477666
150.28194610550034,144.8587842840992
150.57739373936883,145.08911355956712
151.03540566385738,145.50464337708263
150.84943897529607,145.36539864506145
150.95920225736188,145.6220390361983
150.68497721578947,145.26724100190455
151.2555598523842,145.85134829741122
147.36503351663546,142.18286295581623
151.12488205162703,145.64490667341263
151.36240676009024,145.88205300058033
150.276230544315,144.84567442238475
150.18512964916334,144.74516752266322
150.11690579090995,144.67151409972465
150.898241820508,145.68487772587
150.8530639397217,145.38186378092055
150.78385204656269,145.43717018159924
151.19309444595876,145.71161808200736
150.96314124680998,145.45853398911865
149.9691698202034,144.5236032809137
151.5295955992165,146.01903356896304
150.1125585445631,144.86740339587212
150.8168114614384,145.278614525468
150.34624049043873,144.99832699067548
150.49894235938945,145.06027116916704
151.5822028312329,145.98893482229212
150.9224083054872,145.5448714108483
150.3097391973897,145.17532320730348
151.14054572593923,145.66064200621568
150.3056372712637,145.28477875880765
151.30980140474944,145.84519187321752
151.44264445982634,145.89186083763505
148.97291536260306,143.42707850231474
150.24023497879332,144.84294619147033
150.42877226129,145.05927813555414
150.51782081946075,144.96530366714262
142.59954686400565,137.8835191518609
150.22562278588836,144.91842239659437
149.76591441708578,144.59789183819456
149.01185984085555,143.5954026732025
150.7841472631861,145.62324877700732
150.8888205955586,145.37090601115165
149.39999580232615,144.4396414483198
150.49485417739535,145.32602648710886
150.83147415610514,145.313445174924
151.0734556134701,145.88514286870716
151.34371040817575,145.7750076208418
148.9916438038797,143.5574242921938
150.71169544739223,145.46394166584648
149.6849982289929,144.6324456700752
151.35358629633828,145.77530840729517
149.5354262712812,144.27936346962565
151.12863352718657,145.71373606014404
150.9501601576215,145.4426642524641
149.9954465982633,144.55600186263177
150.800956178892,145.38469185479548
148.13685584045808,143.14722025701153
150.9623477595108,145.50960774571797
147.7519860723667,142.1089499047024
149.97230556285706,144.54697181113283
146.12961803778234,141.21728580456593
150.19221570078358,144.92896711773292
151.42496172386836,145.935365926603
147.93056169527344,143.20501854661063
150.84935791545533,145.52721328961223
150.95716834556012,145.6501268022861
150.21601237339465,144.83702364193275
149.42272770983408,144.61468644717814
150.3557428619639,144.84178469263108
150.92240380147473,145.65955221860295
150.89603675125386,145.37190606241612
150.64493356516928,145.3259757011384
151.00078379266415,145.67984796065764
147.32885872796524,142.46527450969072
148.15835979543488,143.21333755580142
150.5315830588351,145.2075088542703
151.00684432009493,145.63141718817266
150.85432867046063,145.76200968874136
150.229371219512,144.9865942463536
149.75988490116637,144.49650744472837
147.70312036487863,142.3049585201265
149.01826798494614,144.3032470797842
151.11104092613357,145.6396564004246
146.06111028070805,140.81941791049005
151.42984623465028,145.9630682251219
151.20036052473014,145.68931745463613
146.5302247700675,142.39059830581485
150.3307025880797,145.0915973506266
150.96810835111353,145.40432663228938
151.2545403390602,146.02023590568078
149.58557664503059,144.31233920396173
151.0384436351953,145.5999756654397
151.65884171323393,146.0739019237489
150.6308824072055,145.30699476325046
148.3640742547743,143.12719179744798
148.4664467957465,143.28058635420794
151.17584126139903,145.74295487614185
150.60539073873682,145.20532923827082
150.16824575941828,144.86558218952985
150.08285125784144,144.79110920993443
150.64835133633582,145.2068199937997
150.6402372008367,145.19269723020736
151.15061615401152,145.60270288099207
151.2346544538135,145.80475335361228
150.32154340086467,145.03885690276746
149.10692555173796,143.70195274380805
149.68516481835937,144.6385663442881
151.06205763266897,145.54038272193574
148.12108248539099,142.8435878592875
151.0575484998705,145.59727481520403
150.38463992089916,145.24773828767923
150.4556183511556,145.1807649362649
149.63958197892174,144.35082916797177
146.36487276595008,142.00660809151768
147.3350049941764,142.17110174229768
150.21524959720998,144.78347321887534
150.209277982794,145.02713535074955
150.95944459104643,145.48892429913363
149.96665303745846,144.43830745798843
149.94124785407638,144.51443263692053
148.3116274115773,143.20282788970417
141.50971226250095,137.6977177451575
146.92799436318063,141.55686008312605
150.6906834870873,145.57294039985823
149.18343499407482,143.7683162929146
146.2279515034679,140.67014592996668
150.2744336643433,144.77645155674486
150.56456210249053,145.40199785917173
149.96534004630132,144.53265747475925
146.48566570795836,140.98801974938314
142.26012516852296,138.30313844385697
151.40362116404253,145.8137791343337
151.21261322556657,145.71416644594666
150.36903273181568,145.15115934175296
150.77703068362183,145.2232575051954
150.0177833496721,144.5901063438256
151.13967658456048,145.62896290674715
149.26817874204295,144.15655379956578
149.8612563023762,144.75184756443792
150.94254007563188,145.59824470564575
151.15165660715522,145.61359845229967
148.36642123699733,143.51510051939212
149.16071213965608,144.15447999083185
150.8596990304545,145.70477718814234
151.24812257829248,145.7487079464456
149.76997800124303,145.00778091571675
150.5072062824533,145.31779917663212
148.87332212287473,143.62527065977596
150.69413502926452,145.17933065941955
150.65922783109605,145.1961723889614
151.20196754203295,145.66111018282234
149.17281788361234,144.2318793648348
150.28057706087137,144.94868735703582
151.20196754203295,145.66111018282234
150.7417252514311,145.2812603505142
150.74507500592009,145.46661490338866
150.91623549408743,145.33802979796363
150.11271287330746,144.87844598866272
151.4794829123364,145.9136927318906
150.84450402161374,145.39333211295167
151.3952015683466,145.84248233168745
149.01775390987638,143.93631666216265
150.33740771285278,145.09801002944863
151.35471288760237,145.88136471068162
149.54420297792907,144.06989920007533
150.79284311443456,145.38610125770617
150.4561806727156,145.2571601055258
146.5863732187854,141.55358755403697
150.72616756934897,145.22196640276488
148.92914756275886,143.4227842789928
150.12634597387722,144.84188908112682
149.8844437003966,144.57449670275406
149.9359827191512,144.54000144182405
150.71760434465384,145.35618120680954
149.83928171313912,144.42570749959407
144.0988999190374,139.09825146045534
144.7400147269071,139.49830933990836
150.0759819626043,144.81629108999957
149.6303711179141,144.2203298625306
150.96628382623817,145.73307021098682
151.05673258268195,145.4915751701994
150.76585026129587,145.2484955428246
150.43691585596238,145.1609162265988
150.8331915246969,145.36365894168125
150.94421655720535,145.41853410651842
149.29007955376804,143.99175010574808
151.63311078501764,146.03043852189433
150.8516894729139,145.5135539348696
150.60522154140642,145.45337297589828
150.474319438209,145.0864976387839
150.78546638548383,145.4367404002353
151.06702280850874,145.62518043719805
150.475797858545,145.36055044033898
150.63555544168943,145.42762297821517
148.0633817031956,143.11924117847371
150.94195071881938,145.72849708993348
149.28665934641566,144.1500071578106
151.4090183634058,145.7977479244091
151.06508192405488,145.5548159429456
150.03022492843053,144.8170809146387
147.116655538305,141.7493348831933
149.86468796568198,144.4275307201675
151.1746473084221,145.63834148119693
151.05813023987608,145.45358977622942
147.7227798802644,142.63752249260708
150.65749651134476,145.30855954392453
150.54109651134334,145.21375960102662
149.69529050112277,144.53214325206275
151.1109966179827,145.54128499071265
150.79567542761916,145.43151535354275
150.02490074284972,144.64919953490232
148.00695641156267,142.72980188094152
149.5845210104918,144.4270702899843
150.5681368424039,145.33416828611834
142.75215871777647,138.0643161297572
150.49621866360778,145.05317429406202
150.4793499339618,145.03957602937967
148.32515097069654,142.8732518302523
150.27861604626537,144.76461797798774
151.29199240334043,145.70447233944532
151.14945977006462,145.671873012835
149.62089739503324,144.2836082187751
150.03726117628293,144.98540616491712
150.811096654135,145.43539167134432
149.29355927208152,144.30238010287175
150.50654111044136,144.9756120774477
147.98697626141015,142.77967929584204
142.55104134216393,137.83851748438417
150.54647667994087,145.0451839323178
149.47324400033494,143.94711626264353
150.8890793800472,145.5958320772418
150.87936361408114,145.33416003869993
150.74854642275184,145.31047003126076
151.51694541194829,145.93077853227808
149.04480249172653,143.55524899954955
146.88530991076078,141.72038347717577
150.23576428685234,144.8064316605693
149.0564449632819,143.71938271600786
149.01587890842586,143.70970995025945
150.8192643912495,145.51665079363192
150.96316481627377,145.37472582246247
150.64075394357343,145.1625621760044
150.8693079790247,145.60254244983054
142.80028135505677,138.33368800261857
151.28723364480248,145.80859592958507
149.37335697384813,143.97211937117305
150.92840751091876,145.47058494376213
151.2936926806842,145.97204320199498
150.7913505878637,145.34790055000528
149.6106145309905,144.27183150019314
151.08953389189364,145.54053957703772
149.90511145784308,144.72787308842115
151.217883898633,145.68725911973797
150.4468125562889,145.05751420503628
147.01951522844095,141.4623620453379
150.65197041182185,145.50427271155425
151.26292164644607,145.69154810473222
146.58637321878544,141.55358755403697
151.30145032425477,145.75013116850604
150.7692251571096,145.31157894190866
150.49621866360795,145.05317429406193
149.11244386595916,143.57062466913305
150.36028015068092,145.14964526012145
149.94253497108548,144.8228257735179
150.29137101084802,144.8425452903164
150.76922515710956,145.31157894190864
150.38718665203749,145.09124112133418
150.1269470179254,144.93210723225096
150.6499781312702,145.1317696909948
148.981311886562,143.45946145893183
150.19380815294346,144.81220728865682
151.06110137606368,145.5813516575636
151.35433646074395,145.79295966710663
150.93895428252273,145.56826367221834
147.88347373816896,143.11019621363135
150.02783850486824,144.57204146319856
151.3103684845796,145.73324686833044
151.17865644084915,145.63111623043486
150.1901311757785,144.79981224951493
150.92195535216368,145.5921914829664
150.83530001698793,145.55171841129805
149.5682032793795,144.22401587869777
151.42631183315544,145.9417361727227
150.5245722914279,145.110954191319
149.9363130792018,144.7256924740617
149.93773375345958,144.64263559249244
150.28057706087137,144.94868735703582
150.9883662181986,145.5757804137666
151.2384975540756,145.65806431423144
150.29454582113075,144.80395358974772
149.39159760472936,144.06391221171276
150.38581494836728,145.12891733008988
142.26012516852296,138.303138443857
150.79866797714433,145.26709053930813
151.50668342450768,145.98190034720895
151.29242758779313,145.76294414307384
144.31635019533954,139.382476896758
150.3146156645764,144.88315684967384
150.27158347039915,144.87795347219048
151.083066962855,145.5900646794879
151.27078012864246,145.71960780215477
149.3040386504048,144.67207421803025
150.5838498973608,145.3413632741694
151.13996127837552,145.74294563621078
150.05718188820913,144.88688560220706
151.1860937062274,145.6263024690069
148.99705816767445,143.70665713873896
149.4707151701989,143.8679041098663
149.42761374088505,144.0897025946893
150.37352963464926,144.86824500640768
150.53922974722045,145.13677886448824
150.0759819626043,144.81629108999957
142.95908666918135,138.62862285433263
150.43473561716812,145.02393844283435
151.05545145367375,145.52631240281252
150.43288115495025,144.96538278346947
150.28488318039211,144.80869024712777
151.3352498156974,145.7699719492827
150.62197988261,145.44241059063685
150.3314526940625,144.86985977106963
150.43927475999405,145.00393279381478
150.70418778063555,145.15951153021996
144.71761751489416,139.83697184466436
143.06158719826502,138.50839302410802
148.08893334582118,142.65530967977708
150.91685425034342,145.39536011578798
149.1723453323937,143.6298606239392
146.11553807900174,140.78695642304953
146.82476500276695,141.45435063645957
150.41920451904684,144.9762484103176
150.8136240296229,145.429815057555
150.8670527801049,145.29766197199046
150.781691496147,145.41270762476165
148.05969634429798,142.51520100544076
151.31714073502107,145.81216854572367
150.83058202089265,145.41237040253765
151.3547128876024,145.88136471068177
149.61549985679306,144.26097554636627
151.04969589580801,145.64464020723602
148.87738089235145,143.39254612934192
150.74907329599563,145.3334699597776
148.36642123699733,143.51510051939218
151.30666129782907,145.7923213656599
148.7770361472925,143.6638602145015
150.68520035849124,145.1655218788401
149.0448024917266,143.55524899954955
150.46138733574577,145.25011242729565
149.97165382711083,144.6716154714193
150.48506190385464,145.28255915772533
150.08396918742972,144.63903088029406
142.84286259864436,138.18680322161444
150.23468715467857,144.7760850105883
147.09343650853785,142.0366081359596
151.21475308523833,145.68147888451185
150.67582644634774,145.50311991464858
149.9377337534596,144.6426355924924
149.71158181244485,144.16029468032264
150.29145648334514,145.14497174340016
151.3376328926218,145.75935768017172
145.36879707160764,140.33410806691404
151.28372514512824,145.70923354449258
150.76341897106136,145.23726592994538
150.50087606810092,144.97014828180605
146.49301981346898,141.25368167642497
151.16092070396707,145.8349890381661
149.34863018616846,143.84053711238758
149.19239505792862,143.6582114680462
151.01899465078955,145.69884724148136
151.1962077438261,145.61604522015833
147.24074884996574,141.9545782704163
149.54914045906028,144.25269180866758
150.71890982762838,145.2095399058032
151.05182355108516,145.54793280715427
150.80718311574975,145.33671859543412
151.03990356447332,145.56526761402105
150.47218760451054,145.39868162226887
149.94765364212472,144.5784438748408
151.06773348710115,145.49235939170583
150.41674715149543,144.84446337832355
150.07160453881892,144.98498633725094
149.839897212289,144.648939216037
149.08384749501585,143.62164518400817
150.59709008177478,145.2551689645084
149.48998295937358,144.1299452283291
143.76922200474112,139.30367604109972
144.49563289532472,139.61859494895796
150.07445900341594,144.84971047435658
144.87827870800592,139.84698896100403
150.47965634871053,145.02989203289118
150.84203283333827,145.3375915667065
150.77760935929305,145.19729811067467
148.98270827459064,143.4745804645435
149.6590857172787,144.39408377296263
150.90237618638426,145.5871421776735
150.29053622404086,144.88984123536915
148.32834902308593,143.3915287463939
150.629875808586,145.07664974509223
150.3800117895897,144.86398079281196
150.78203810697124,145.21027215724448
150.206927660363,144.76552606471992
149.07035770969057,143.54304415288144
147.19967964720368,142.1270568442779
150.5794203036825,145.10633818414092
150.57507952004798,145.08738326406487
150.78203810697124,145.21027215724448
148.9170240514387,143.84558942856074
149.9628045733163,144.73313528138505
151.40301295237236,145.8067891769199
151.0270565822365,145.48701814963383
150.88209088645533,145.48639800105616
150.65442038720238,145.03177909925884
149.94795571419783,144.62657890753795
151.04639341061213,145.47628010765993
149.81067670571892,144.19896872086895
150.7265940152894,145.29407263509228
149.87615041540494,144.47116722596814
150.00132989258782,144.67739022290976
146.03923414193574,141.1465476909347
150.0540375653295,144.9931983129377
150.30543294830824,144.99779459672905
150.36962584105893,145.028541520734
150.18348914332722,144.74300233349504
150.6502415192327,145.1364442553579
148.27072231168395,142.70834858339506
150.7174842673214,145.22754648969106
142.36680189601682,137.3591752194491
150.5705739537693,145.1160807766016
150.1920984597225,144.68846525670705
151.19107564596717,145.7280119869009
148.7857940784976,143.70200662174926
147.96904215866542,142.52468423464467
150.71087252307137,145.2703514865671
150.46735686680577,145.0068275124071
150.42475422109084,145.02203913546043
150.682176833294,145.20374744864307
150.24392150532157,144.86618853462627
150.8227091291782,145.33656768712302
144.8108374369335,140.16681868204043
150.2683839654992,145.09911318879085
150.67020075805542,145.06218284964058
150.42004697610966,144.90629099546035
149.96504541440842,144.6967133836783
150.34823726980656,144.92044506737017
146.81990645593416,141.7684500808727
143.07036339904712,138.66345273498752
150.46291199537325,145.01420023382528
150.25381106431925,144.9893049786888
149.74720435516807,144.25678780763104
150.73934081000093,145.25646542048048
150.7886252100207,145.2720927195668
150.47392927806135,145.0261210223152
150.5573964994182,145.09464938058645
150.76328426722114,145.20358928008372
149.9086643023329,144.5731885441983
150.5928234231706,145.16059423814247
150.20265548576643,144.72100889410714
148.9590744235712,143.68111779848576
150.4386621901561,144.9373126754675
145.56050762287188,140.46132373751576
150.2380410441053,144.6976949346833
149.80061525521634,144.62773796198064
148.55920367459163,142.96425955936203
148.42496734696314,143.446108231575
149.602827127817,143.9940810541586
150.6273986964715,145.14068939654024
149.72050984644122,144.22993654976733
150.55562057987507,145.10128046083852
149.54773177092306,144.46386457741355
146.8096479473189,141.44466070447035
151.08500562194584,145.49631066181345
150.92189148137535,145.39093750517694
150.38479428351215,145.1809327681435
145.72624792457515,140.2593337146844
149.3226295903526,143.98128657429294
148.4658977908639,143.68076040503448
150.47392927806135,145.0261210223152
150.9576281354151,145.36783961040257
150.59811387111753,145.3552277116818
150.46835399457555,145.09323368610993
150.13027622337404,144.78894032675646
149.72314892792807,144.26319571430017
150.206927660363,144.76552606471992
148.75069416151806,143.25987028236642
150.405220695638,144.9983835848606
149.54914045906028,144.25269180866758
145.8308988111114,140.4895793255599
150.7931607427463,145.29853848919518
148.12291519378587,142.53429922795536
150.38292491006544,145.1153758233544
150.77396810854583,145.22783068411402
149.79005195424648,144.83757282871517
150.49210881570812,145.09934634463977
150.43613355986824,145.03420752857227
150.32896379920342,145.04776510290534
149.50128994178547,144.16254738671498
151.08484333920282,145.57523390661225
149.62554919810523,144.13418154184185
149.031347429259,144.40763680373098
150.72429594219747,145.22249119807978
149.67126844551467,144.43417961531551
149.94243527070657,144.59759582065684
149.91966359861186,144.5288742603161
150.25659193205632,144.7522780168343
150.76893131682587,145.42071365068523
150.26472882434933,144.85296176602262
150.6198487353078,145.09298764619615
150.71612310735514,145.32748416602018
150.08313299793673,144.83016460700256
150.36621762498174,144.92719769124224
149.08384749501585,143.6216451840082
149.69035052287427,144.33609541717442
148.4723324865228,142.87571694252438
150.51712381700145,145.22046495579897
149.99188911148528,144.8497081085316
146.2195521646645,141.1600024932932
150.15801609598986,144.666066649156
151.0137251352707,145.49605044074403
150.96221497170737,145.38977034026226
149.4991316188834,144.52761961938276
146.7855352075274,142.02482277440538
149.47629598855335,143.91888861638427
151.01861293607135,145.49129409419447
150.32591496305912,145.1295814230575
150.9149364082343,145.60830274597583
150.1870538125995,144.71491138025044
150.4444178237881,144.94714152019245
145.7025737812431,140.88179828728747
150.57576201335857,145.1652826131827
150.57057395376933,145.11608077660156
150.73934081000093,145.25646542048045
148.8917383578388,143.55011955952253
150.33503563306454,144.90506815857742
150.2571419956512,144.8432600523312
146.809647947319,141.44466070447038
151.1583463083966,145.56822456991168
151.11719691722288,145.50095131472884
150.26859412832079,144.94748843782614
150.90659793989505,145.33802561940786
145.72624792457512,140.25933371468437
150.62895840688,145.1721303678971
150.792979079063,145.35141899044763
149.76760604209957,144.8818716317216
149.38890503635784,143.99236418621155
148.7763441319404,143.52152014930672
149.96299444858954,144.4940344512667
150.2510287713461,144.93917363653054
150.97399537486947,145.49565617840327
146.72428720423414,141.70946169883655
150.14785991509368,144.94842791766268
146.21045746354287,140.95784859081348
150.07548502578862,144.61127527739183
149.79005195424637,144.83757282871517
150.50202027170883,145.0436834730896
146.36500466941388,140.85540766921343
149.80061525521634,144.62773796198067
150.56475559772255,145.14224428524287
151.0092747171241,145.4317077017671
150.41926557587212,145.10411187221231
150.49780452562075,145.1769030451339
150.85398237810548,145.29190234150042
146.58017798094218,141.24805946058422
150.46012858206177,145.16395039017726
150.87448745910513,145.51289326291842
149.63660882440394,144.46285231357697
150.34218986850914,144.83293935492765
150.80810498918862,145.241044194361
150.50779270288064,145.02691216401792
150.41727834704372,144.9507156650667
149.81809147614416,144.4139900241119
148.04127446627868,142.93654207578388
150.78163898989757,145.286023268271
148.176182484928,142.5547817043586
149.4991316188834,144.52761961938276
150.9996847752237,145.54863686730417
149.3239178964889,143.8957802543407
150.76865582683612,145.29920034115727
146.86531978906254,141.79467415301278
150.41332842829166,144.99521104637165
147.82131700426532,142.8752449321134
149.33823357286252,144.14928075077455
150.70433577849724,145.35523461260084
150.7967912016399,145.5235766776257
147.971717514345,142.43336767640466
142.1330428957243,137.92548737816938
150.20692766036302,144.76552606471984
149.8080111853899,144.91545278108276
150.4361335598683,145.0342075285723
149.80435836934348,144.37112122536843
150.4846798440649,145.36325691915735
151.13653744723965,145.52125385708572
150.99863229061717,145.42351325969003
146.809647947319,141.44466070447038
151.1030002334835,145.57237479500452
149.68025613593275,144.2794539508125
150.68217683329397,145.20374744864304
147.47176438550542,142.27223340163403
149.57632832726236,144.13333831102153
150.80562789879554,145.35052781076945
150.78830819659194,145.2155143178837
147.59698217163856,142.881945298227
150.7820381069712,145.21027215724456
149.36050103347688,144.2025777799676
150.7886252100207,145.2720927195668
150.93522609859593,145.54024403862107
149.957720863752,144.72728851939422
149.94449687014037,144.47031554673805
148.05523597514235,142.9656573693372
151.03189528771813,145.48787658403836
149.55597285180062,144.11165954760688
150.01269533105256,144.52005539549899
150.66137980377974,145.3187645466809
149.38890503635784,143.99236418621155
150.08695651349618,144.57379654883187
148.00899639573794,142.84083566404414
148.95915512538096,143.5048881897819
150.1371583114305,144.62991488008618
149.50941619103386,144.3669399261677
137.38400022458072,134.48970236902335
150.23964626963325,144.84077087099783
149.12717658623578,143.669153612295
149.92542265119758,144.51543923629637
149.9549892214951,144.7212889960721
150.63793661691304,145.1001614212653
149.44924220251468,143.9691538302291
149.32537703700095,143.96617458398677
150.13119605906886,144.6452237132506
149.2246547147161,143.6946181569454
148.8472558525617,143.35210269841903
150.20121625523117,144.6145564098846
147.06210912791695,141.67606382388064
148.99156572924565,143.60448896638894
142.01277047840753,137.29881454233308
147.82004121087516,142.51726376559532
149.39178187021358,144.07736993427827
149.9418828282705,144.5993773867524
150.1770012981632,144.6953591263883
147.73425806338892,143.18148539682494
150.3123965943736,144.9101640404334
149.74780366083064,144.7336231435002
148.4211370134012,142.87390480981585
150.5968684367788,145.05259798143643
149.80710062265962,144.56091138610182
150.77887441559886,145.22093840220688
149.98964736303088,144.45607327881385
150.66212950772433,145.04680136737514
148.458357403477,143.1146640722516
149.8123253417945,144.6147218647524
150.59290369483548,144.98665881601852
149.55599256119658,144.2703541746202
149.11530021828708,144.03447806435383
149.06687882527942,143.90892799602858
150.3080731196661,144.97176357952637
150.45180964498923,144.87268801226088
150.1304568837246,144.58728098818878
147.86016569350622,142.3640459941515
150.74901967881883,145.13957445017624
149.5103432807996,144.16000260383836
149.30588692045887,143.9654849173313
146.84618267308255,141.55536519416037
149.89251821900703,144.5614385695679
145.42164827315816,140.45467750145536
147.55281663592783,142.28986923310578
149.44924220251468,143.9691538302291
148.6422787657735,143.6879119974144
149.63779696337724,144.19552920010267
149.58419700702157,144.26015559718937
150.0033206959628,144.41986113071692
148.16208206223627,143.26357231894428
150.0250888433668,144.77814027785934
148.58078277226528,143.26854898683285
150.28411419629177,144.96980263984318
149.36193419247118,144.100833886713
148.44730493923694,142.87338581838048
149.78467970266618,144.17426240395457
150.2833428686224,145.06723749371807
150.6092876572152,145.05883727179858
149.99728383368267,144.66940426236704
150.04395703510787,144.55404345329092
150.467916599788,145.14182041865647
150.58725632809725,145.0055785456153
150.61726015499005,144.99534150305973
150.2903744091571,144.89185010399004
150.20345407845016,144.6687816082675
148.4550193036285,143.067897922716
149.40795783721595,143.88076231004433
141.85823731150015,137.67445395825018
150.47558810847417,145.1692183112569
149.92786033730684,144.5632343161901
144.6239121865979,139.9220425801329
149.57424488328107,144.32376646710347
149.66414864384586,144.27395738629056
149.90497259324295,144.49703363982636
150.0636421334656,144.5776425940608
150.7545133293975,145.2461983843029
149.21106628016878,143.88562724396942
150.0723711819839,144.59699374750187
149.25359479001983,143.9931917800042
150.14626823141148,144.7788054945261
150.58088288408482,144.98140032212385
149.34631342619906,143.79264296616012
150.3939445136315,144.93904957079354
146.8817964522619,141.32683805323413
148.9446336091833,143.74302246655418
150.33201830905048,145.00411330248969
145.89646253804247,140.41924997906418
150.77897199272027,145.1702862398841
148.52535512231978,143.113808335002
150.64652191677354,145.09960741656212
149.56766702494394,144.03181003141364
149.5126731633573,143.96212426977203
150.3030859017753,144.8478327922936
148.52535512231978,143.113808335002
146.2243726794028,140.6743607673526
149.2254581460421,144.02287014479063
149.94062432855984,144.73370162901992
148.45102227622434,143.17569773758652
149.68229757534215,144.1865052946688
150.0959820981281,144.91646031660443
150.46775475320482,144.88705208858292
150.29377369855612,144.74321459336284
150.25359041378556,144.78580206814678
150.30869119460607,144.7952681992056
138.2229019691146,134.25058536630314
150.28797891737887,144.80522470724935
148.62078672510813,143.6820980100921
150.03552246583197,144.73356722782148
150.1989728845671,144.91130280624958
150.21028472722497,144.68056150499856
147.84979434147218,142.23100399459477
150.419832473769,144.92572256591677
149.9538852243764,144.43423539395656
148.1451444798959,142.62602840037752
149.74471231101145,144.2697076254986
150.419832473769,144.92572256591677
148.96428785361854,144.0329702626979
147.28293126165812,142.08650826749263
144.1884567464229,139.69648998775247
150.4017857295424,144.93888543209565
150.15045819554953,144.60681292500502
149.96583741374982,144.41422140086408
150.82801956182854,145.29840142538788
149.49843243758914,144.09564136294276
144.52595584479891,139.59592490881158
146.2344740632361,140.58590004749888
150.5902446670227,145.04562781232062
150.0846463640717,144.83202354370448
150.35346318443507,144.88536226338138
148.3528379771926,143.02676605336973
144.14899860663016,138.8949187072797
149.01647066657108,143.81681413562023
149.26295268883106,143.79983257130402
149.50413714347403,144.11378405440084
144.7141346270909,139.56773921881737
148.69775168957176,143.36605142628983
150.5326404709439,144.93967550094987
150.23292409012194,144.84782857694387
149.23441202218297,143.71539680748594
149.882284523847,144.4672409936377
150.37240356189042,144.9417457096246
149.96587089906808,144.76689649870409
150.36508188929548,144.8394696271554
148.50485604344675,142.95630761975735
150.28849101789712,144.9348158018499
149.58375823428304,144.08625733221757
149.53257966951958,144.22752477022075
150.55298656398506,144.9770006118454
150.07244481831282,144.6245539801944
149.25118809321867,144.08273864341885
150.3345029957631,144.89326031747532
149.90209114043742,144.38911289903376
150.38703302599637,145.02855596013518
143.9817256749278,139.22440497909716
145.29893886307423,140.27294583853214
150.09079445145085,144.57061251117972
149.3079991455766,143.98292838729125
148.76294907570528,143.82112591800993
147.72872502131483,142.14257707893674
150.15045819554953,144.60681292500502
149.97900710879614,144.92173685831463
147.46500919408643,142.43169590180304
149.98270570174944,144.5031765145997
148.6182518756298,143.26275843621195
149.0568871349062,143.64242066587244
150.00083556777196,144.44553606528515
150.00079633218724,144.5965706555229
150.19540408394465,144.84688412511457
149.2422565127354,143.97893400660385
146.40614752667787,141.25394187874667
148.3528379771926,143.02676605336973
150.5947373405414,145.04173779555634
150.2458368713114,144.6272777761412
149.50711478812264,143.98730672346662
148.54238973854015,143.13586379385785
149.9393441140299,144.4384535776655
150.16337071528693,144.5982507246589
150.4571892566087,144.97251551936637
149.29439800899826,143.84990565049597
146.22005995903237,140.80453504242374
146.72631480201537,141.38301625152218
150.7154580841172,145.09165117542315
