pca_result1,pca_result2
-1.0115222104687842,-1.423135996058073
1.4504740178103404,1.8016482465227435
-0.43765027633219616,-0.6662872437078
0.37991449017884205,0.39853140784572727
-0.45244073975627624,-0.6800403955518132
0.11212926563431412,0.048439085209672474
1.3660570308506876,1.7003472484089008
1.9129297200840751,2.4065578148741795
-0.0813784710016592,-0.20152272384263736
1.289454060755635,1.5897419560415145
0.5438412999666542,0.6197419925804992
-1.4522110027589534,-1.9924054509980402
0.34568259895768644,0.3567909371416725
0.7373490366026269,0.86853331710271
1.6811204984005756,2.1014843360025517
1.1513637547777655,1.4183312156348282
-0.22760796463227034,-0.3976424100489925
-1.4757220243823999,-2.0321124692712327
0.7892782439809839,0.9345761545338319
-0.2812812836505009,-0.4677521523418355
-0.15274910617709161,-0.29351942770293743
-0.6688781274690707,-0.9685387383472166
1.328336916349785,1.6472690310204423
0.8989503642039427,1.08285501274355
-1.2067740587446227,-1.676782757243358
1.65212094209904,2.0755304695733727
-1.2981674922637554,-1.8003526696534062
0.7190703498988005,0.8446129031043922
-1.097101938521665,-1.5292924308349904
-0.34683821335968895,-0.5451327364573597
-0.6717849802021929,-0.9778430326007599
1.5389605985963357,1.9167023964806003
0.6123050824089649,0.7056383391482166
-1.0239871917063592,-1.430024885152008
-0.7425742448310011,-1.0678062840301987
2.0237645814002825,2.5581150461442705
-1.3637244219729436,-1.8773513010401834
0.5267253543560771,0.5998884834439029
0.004782627597853113,-0.09295088390611139
0.34626396950431065,0.3588243895725341
1.8108154169672341,2.280165918231919
-1.2085181703844963,-1.6832650672646892
-0.1362145311131384,-0.2736659185663414
-1.577254956952616,-2.1553004289525344
-0.7762247655055317,-1.1103352865356033
1.9123483495374507,2.4037358306419687
-0.9413143163865941,-1.3331727446286348
1.8084899347807366,2.2740655609393365
-0.4919049658970511,-0.7396009229616023
-0.4353247941456986,-0.6601868864152165
-0.43765027633219616,-0.6662872437078
1.6114939748650168,2.0139364897327217
-1.5465112890112072,-2.1248977049328834
1.8621632537989667,2.344175303232179
-0.3160945454182806,-0.5119080282054985
1.289454060755635,1.5897419560415145
1.132503697527315,1.39120686467555
-1.0788232518178384,-1.5045834850353208
1.328336916349785,1.6472690310204423
0.1173616005539338,0.06384373675579852
-0.33495460266873095,-0.5390323791647766
1.8119781580604832,2.2846147758223903
-1.292353786797511,-1.7825326129476715
-1.167891203150473,-1.6216710874240383
0.809882412871308,0.9657674103548319
-1.5613017524352872,-2.1378623249755466
0.2418241842009721,0.22712066743904097
-1.4539551143988267,-1.9964723558597623
-0.6735290918420661,-0.9819099374624818
-0.8687809401179126,-1.2359386513765136
-1.7075312460658982,-2.336397416341511
0.18582538299624352,0.14974008332351624
0.9366704787048444,1.1359332301320078
-0.4022556440177924,-0.6204798681420234
2.0397177859176105,2.575935102850006
-0.510765023147502,-0.7655547893907821
2.148808535593945,2.7213919768275128
-0.23949157532322804,-0.40412472007032385
1.1867583870921694,1.4641385912006035
-1.3129579556878355,-1.8157573211995333
0.7567904643997019,0.8976911204928497
-0.049472061967001615,-0.1658826104311662
-0.030030634169926428,-0.13751333884237718
1.9306270362412765,2.428444776441637
-0.7408301331911277,-1.0633574264397292
1.4174048676824198,1.7639746806804124
2.0556709904349395,2.5937551595557418
-0.8470140301343398,-1.2002985379650428
1.0947835830264128,1.3389171790884418
-1.4220487053641686,-1.9612141951770392
-1.6149750714535174,-2.2087605990697394
0.8429515629992144,1.0054744286280248
0.20177858751357244,0.1675601400292519
1.7200033539947257,2.1590114109814795
-1.7217403389433532,-2.347735163025915
-0.510765023147502,-0.7655547893907821
0.16812806683904197,0.12543771659644914
1.7205847245413508,2.1610448634123407
1.4002889220718417,1.7420877191129547
2.0226018403070336,2.5540481412825478
-1.702880281692903,-2.3213993438679874
0.9874369449899522,1.1975272099726582
0.7402558893357488,0.8778376113562542
-0.5101836526008774,-0.7635213369599207
1.4374276660261196,1.7931324840705518
-0.5844611405094322,-0.8648223350737645
-1.6692297610183722,-2.281692325594794
1.3950565871522225,1.7266830675668285
0.7350235544161293,0.8624329598101278
0.31377618992302886,0.3219393555315522
0.5278880954493257,0.6019219358747645
2.041461897557484,2.580383960440476
0.9337636259717221,1.1266289358784647
0.7007916631949742,0.820310536377325
2.0260900635867802,2.565385887966953
-0.010589206372851061,-0.10835553545223746
-1.6126495892670196,-2.2022782890484085
1.341964638680617,1.6586067777048465
1.3277555458031611,1.644853625860834
-0.027705151983428742,-0.130242497019695
-0.5597873777927369,-0.8210484119388489
-1.3495153290954882,-1.864768633726269
-0.7054355008767236,-1.0175500508739526
2.14938990614057,2.724213961059723
-0.9024314607924435,-1.2776791220805679
2.161854887378152,2.730696271081055
-0.32739678556261326,-0.5167634648685712
0.24124281365434783,0.2247052622794315
0.5438412999666542,0.6197419925804992
-0.8983618669660726,-1.2643079229653025
0.6848384586776454,0.8028724324003376
1.9529753167714747,2.46611834228397
-0.5296250803979528,-0.79267914035006
0.8989503642039427,1.08285501274355
-0.7945034522093583,-1.1346376532626705
0.34684534005093504,0.36164637380474546
0.7379304071492511,0.8705667695335716
-1.6686483904717482,-2.2788703413625826
1.438009036572745,1.79554788923016
-0.6894822963593955,-0.9997299941682174
0.07847874495978323,0.00873206693647924
1.7902112480769101,2.24976319421227
-0.14926088289734488,-0.28297021281988394
1.217502055033578,1.4953298470216052
-0.631158012968169,-0.9162490527601093
0.5603758750306075,0.6395955017170961
-0.6140420673575918,-0.8939801384639037
-0.6175302906373387,-0.9045293533469574
-1.4037700186603428,-1.9369118284499727
1.5377978575030864,1.9146689440497393
-0.3297222677491109,-0.5232457748899022
1.931789777334526,2.432893634032108
1.7388634112451775,2.1853472301394086
-0.6540876640449914,-0.9535406658736929
-1.7925296035721616,-2.440520398687566
-0.6671340158291975,-0.9620564283258853
1.735375187965431,2.174798015256355
-0.32739678556261326,-0.5167634648685712
1.7394447817918022,2.188169214371619
-0.025961040343555397,-0.12414213972711259
1.2941050251286308,1.6051466075876408
1.7713511908264588,2.2230207959817396
0.9862742038967034,1.1926717733095853
1.985463096352756,2.50300337632495
-0.9195474064030208,-1.2975326312171642
0.02654953758142616,-0.058099302295990876
-0.07963435936178584,-0.19425188201995514
1.6651672938832478,2.0840462320255644
-0.11735447386268777,-0.24733009940841283
-0.031774745809799776,-0.14196219643284713
0.7544649822132041,0.8904202786701676
0.041921371552130327,-0.042694650749864824
-1.2752378411869336,-1.762679103811075
-1.491675228899728,-2.0499325259769687
-1.7229030800366025,-2.351802067887637
-1.7548094890712604,-2.387442181299108
0.059618687709332346,-0.0183922840227989
2.060321954807935,2.607126358671006
1.091876730293291,1.329612884834899
1.62802854992897,2.033789998869318
0.20061584642032376,0.1631112824387808
1.5377978575030864,1.9146689440497393
0.20294132860682149,0.16959359246011224
-0.9584302619971713,-1.3550597061960927
-0.831060825617011,-1.1824784812593074
0.8806716775001162,1.058552646016483
2.0397177859176105,2.575935102850006
0.06368828153570337,-0.007054537338394803
0.4022627707090385,0.4362049736880589
-1.5430230657314605,-2.11355995824848
-0.7065982419699725,-1.0216169557356751
0.7715809278237816,0.9102737878067647
0.22238275640389643,0.1979628640489012
1.3997075515252175,1.7400542666820933
0.22296412695052117,0.19999631647976274
1.7730953024663316,2.227876232644812
0.23833596092122544,0.21540096802588882
0.40342551180228764,0.4410604103511316
2.09048425220272,2.637529082690657
0.9555305359552949,1.162269049289935
-0.013496059105973459,-0.11765982970578116
0.9343449965183463,1.1286623883093254
-1.044009990050059,-1.460427609171658
-0.884734144635241,-1.2537587080822488
1.328336916349785,1.6472690310204423
-1.4580247082251976,-2.0102255077037747
1.1513637547777655,1.4183312156348282
0.04308411264537937,-0.03824579315939488
1.9729981151151734,2.4965210663036195
0.9674141466462528,1.1663359541516571
-0.08254121209490821,-0.2035561762734978
-1.6680670199251237,-2.2768368889317214
0.1144547478208118,0.05453944250225587
-1.6657415377386258,-2.2703545789103905
2.0260900635867802,2.565385887966953
0.634071992392537,0.740896499830939
-0.940151575293345,-1.330757339469025
-0.49481181863017354,-0.7481166854137947
0.3999372885225409,0.42972266366672746
-0.24414253969622335,-0.41749591918558904
-1.0445913605966832,-1.4628430143312672
0.10024565494335624,0.04399022761920253
-1.2563777839364831,-1.7363432846531466
-1.1702166853369707,-1.6285599765179724
0.0961760611169852,0.03061902850393683
-1.295842010077258,-1.7938703596320753
-0.636390347887789,-0.9316537043062352
-1.2256341159950743,-1.7031185764012857
-0.24356116914959902,-0.41546246675472737
-1.630346905424222,-2.2241652506158656
0.9326008848784731,1.122562031016742
-0.06658800757757932,-0.18573611956776215
-1.2404245794191537,-1.7185232279474116
0.14984938013521565,0.1007287707967805
1.650376830459167,2.071081611982901
1.95239394622485,2.4632963580517577
0.9143221981746464,1.0982596642896758
-0.137377272206387,-0.278521355229413
1.6875155744134447,2.121337845139148
0.45709883082051805,0.5111701526439741
1.0269011711307274,1.2550542849515856
0.6683038836136921,0.7830189232637413
-1.0588004534741389,-1.4741807610156712
-1.0947764563351674,-1.5224035417410557
0.34510122841106167,0.3543755319820641
0.45302923699414704,0.4977989535287095
1.682283239493825,2.1059331935930223
2.0078113768829535,2.540676942167282
1.0982718063061596,1.3494663939714953
-0.5992516039335117,-0.8806089393486387
-1.028638156079355,-1.4450229576255316
-0.2630025969466746,-0.44383173834351647
1.2911981723955088,1.597012797864196
0.825835617388637,0.9835874670605674
-0.36860512334326145,-0.5807728498688308
1.9364407417075211,2.4462648331473726
-1.3489339585488636,-1.861946649494057
1.5926339176145663,1.9868121387734434
0.24240555474759645,0.22915411986990145
0.634071992392537,0.740896499830939
0.539190335593659,0.6063707934652345
-1.3808403675835212,-1.8972048101767798
-1.0416845078635613,-1.4543272518790749
-0.1869809973982469,-0.33604843020834163
0.4382387735700671,0.48521628621479457
1.9370221122541451,2.4482982855782343
-1.647462851034799,-2.2464341649120714
1.2882913196623866,1.5877085036106529
-0.7089237241564703,-1.0280992657570065
1.4487299061704535,1.7975813416610218
-1.5937895320165696,-2.17515393808913
1.2375248533772776,1.525732571041254
-1.5476740301044565,-2.127313110092493
1.470496816154026,1.8328395023437438
1.132503697527315,1.39120686467555
-1.0245685622529834,-1.4324402903116173
0.8835785302332381,1.0670684084686746
2.130529848890118,2.6970896101004453
-1.1707980558835953,-1.6309753816775816
-1.3260043074720422,-1.8250616154530759
-0.2035155724621998,-0.35590193934493763
1.1638287360153476,1.4244315729274115
0.8818344185933645,1.0609680511760924
1.2186647961268269,1.499778704612075
-0.5061140587745064,-0.7501501378446557
0.9714837404726238,1.1800891059956706
0.43242506810382275,0.46739622950905907
1.2415944472036486,1.5374522704544062
0.7585345760395755,0.9021399780833199
0.46898244151147567,0.5156190102344451
1.2027115916094984,1.4819586479063394
-0.1710277928809179,-0.3182283735026062
1.438009036572745,1.79554788923016
-0.7196445937541793,-1.0309212499892175
1.2592917633608505,1.5613726844527251
1.4551249821833219,1.817434850797618
1.556657914753537,1.9406228104789192
1.953556687318099,2.46815179471483
1.3596619548378188,1.6804937392723034
1.6451444955395473,2.0556769604367755
-0.9555234092640494,-1.3457554119425492
0.8423701924525897,1.0034409761971632
-0.024216928703682042,-0.11969328213664154
0.8612302497030406,1.0293948426263428
2.14938990614057,2.724213961059723
-0.33495460266873095,-0.5390323791647766
-0.22760796463227034,-0.3976424100489925
1.2752449678781792,1.5791927411584616
-1.508209803963681,-2.069786035113565
-0.3131876926851581,-0.5033922657533062
1.258129022267602,1.5573057795910037
0.09443194947711184,0.026170170913466885
-1.2233086338085764,-1.6966362663799541
-1.1478684048067733,-1.5912683634043885
-1.757716341804382,-2.3959579437513
1.7725139319197076,2.2250542484126012
1.3271741752565362,1.6428201734299723
1.9553007989579723,2.4726006523053012
0.8081383012314346,0.96170050549311
1.7696070791865857,2.2165384859604087
0.22180138585727216,0.19554745888929176
-0.23949157532322804,-0.40412472007032385
-0.33379186157548185,-0.5366169740051673
-1.5937895320165696,-2.17515393808913
-1.4881870056199817,-2.038594779292564
-0.13447041947326502,-0.2692170609758704
-1.1507752575398955,-1.5994021731278332
1.9004647388464928,2.3992869730514985
1.7519097630293838,2.1946515243929507
-1.0474982133298056,-1.47214730858481
-1.2421686910590273,-1.7229720855378825
0.4684010709648509,0.5132036050748358
1.8456286787350136,2.3243217940955834
-0.4718821675533515,-0.7084096671406015
-0.34683821335968895,-0.5451327364573597
1.6445631249929227,2.0536435080059148
0.2925906504860803,0.2887146472796916
0.6334906218459128,0.7388630474000782
-1.1142178841322425,-1.5515613451311954
1.931789777334526,2.432893634032108
-0.045402468140630585,-0.15251141131590157
-1.8090641786361148,-2.4603739078241627
-0.7808757298785268,-1.1229179538495184
0.9154849392678955,1.1027085218801458
0.6282582869262924,0.7234583958539523
2.0614846959011834,2.611575216261476
-1.5595576407954144,-2.133413467385076
1.9477429818518548,2.450713690737844
-0.8647113462915413,-1.2246009046921096
2.006648635789704,2.5362280845768126
-1.795436456305284,-2.4490361611397584
2.130529848890118,2.6970896101004453
0.061944169895830015,-0.011121442200116741
1.0617144328985069,1.2992101608152484
1.6451444955395473,2.0556769604367755
0.47479614697772,0.5330571142114318
-0.6163675495440896,-0.9004624484852352
-0.844688547947842,-1.1941981806724593
-1.2067740587446227,-1.676782757243358
-0.8475954006809638,-1.202331990395904
0.36221717402163933,0.3766444462782697
2.0614846959011834,2.611575216261476
-1.046916842783181,-1.4697319034252008
1.5955407703476887,1.9961164330269858
1.9123483495374507,2.4037358306419687
0.8069755601381858,0.957251647902639
-1.1519379986331444,-1.6038510307183034
0.25545190653180266,0.2376698823220943
0.9555305359552949,1.162269049289935
-0.6877381847195216,-0.9956630893064949
1.2357807417374045,1.5196322137486709
2.0727869360455173,2.6136086686923377
0.2064295518865682,0.18014280734316565
-0.9938248943115751,-1.4008670817618685
-1.1000087912547871,-1.5378081932871823
1.3300810279896582,1.6521244676835145
2.1264602550637473,2.684506942786531
-0.7242955581271749,-1.0435039173031326
0.15275623286833767,0.11003306505032313
1.7925367302634077,2.2562455042336014
-0.7744806538656582,-1.1030644447129216
-0.8853155151818655,-1.2557921605131102
-0.061355672657959257,-0.16994951529288807
0.07964148605303227,0.010765519367340838
-1.3277484191119147,-1.8295104730435463
-1.7565536007111338,-2.3915090861608306
1.5589833969400348,1.9471051205002505
0.455936089727269,0.5071032477822521
-0.025961040343555397,-0.12414213972711259
-1.2798888055599287,-1.77605030292634
1.8958137744734975,2.3838823215053724
-0.9413143163865941,-1.3331727446286348
2.055089619888315,2.5917217071248793
-1.4391646509747469,-1.9838896885458472
0.935507737611595,1.1310777934689344
-1.8113896608226123,-2.466856217845494
0.40284414125566287,0.4382384261189205
1.9529753167714747,2.46611834228397
-0.5986702333868871,-0.8785754869177778
1.5082169306549267,1.8855111406595997
1.7701884497332097,2.2185719383912694
-1.2209831516220786,-1.6905359090873706
0.972065111019248,1.1821225584265318
0.36454265620813703,0.38353333537220285
-0.8287353434305132,-1.1763781239667244
0.7756505216501529,0.9240269396507771
1.2233157604998224,1.5131499037273395
0.9920879093629478,1.210491830015321
-0.4022556440177924,-0.6204798681420234
-1.7612045650841293,-2.407295690435704
0.777976003836651,0.9301272969433607
-1.0097780988289036,-1.4186871384676043
-0.024216928703682042,-0.11969328213664154
0.80755693068481,0.9592851003335002
0.671210736346814,0.7911527329871851
2.0420432681041083,2.5824174128713366
0.7196517204454248,0.8466463555352524
2.0556709904349395,2.5937551595557418
0.3131948193764046,0.31911737129934115
-1.2209831516220786,-1.6905359090873706
1.6497954599125424,2.0690481595520414
-1.5595576407954144,-2.133413467385076
-0.1562373294568379,-0.3048571743873415
0.8670439551692849,1.0472148993320785
-1.1702166853369707,-1.6285599765179724
1.1632473654687236,1.4223981204965501
-0.11444762112956536,-0.23881433695622087
-1.48934974671323,-2.0434502159556365
-0.6329021246080424,-0.920315957621831
1.1348291797138126,1.3984777064982308
0.16870943738566627,0.12785312175605865
-1.1319152002894448,-1.5734483066986533
-0.04634852973340293,0.860956839572524
-1.0018360578538028,-0.6467238328310801
-0.9501630502339143,-0.5576344356697875
0.260713692223117,1.3312118336219247
-0.16564774949050742,0.664858926100936
0.10543846960498385,1.0911916818844452
-1.3411298596331347,-1.1796831521961373
-1.5204974744213386,-1.4587701055364348
-0.21092568109752666,0.5944771798899949
-1.9750209021314042,-2.1747636558871513
-1.2740850180425423,-1.0747080883167033
-0.773702288178833,-0.286299339324186
-0.7461216727290156,-0.23706527556706256
-1.2665272009364246,-1.0539669849354893
0.5341253935051059,1.7632629939692694
-1.066555417257897,-0.7435650869870701
-2.3055941457113702,-2.6832969197380194
-1.6069837438090058,-1.5889597567314078
-0.2802960048746166,0.4829951796453757
-2.2466884917735204,-2.602747911372773
-0.055650458479393476,0.8344973316274747
0.05841642635809176,1.0147095783809217
0.10892669288473078,1.1009769913100025
-0.7101456698679871,-0.1911095848703104
0.3118053292963807,1.4174792465510058
-0.39494426025872575,0.3007494804610671
0.5770778429256271,1.8267558510862762
-1.680423661412467,-1.7113975509316837
0.10543846960498385,1.0911916818844452
0.17422742283544945,1.2006402296982044
-1.0653926761646486,-0.7415316345562086
-2.313733333364112,-2.705689522821347
-2.0855995636891422,-2.346053561115803
-0.10034701953978853,0.7641155854165348
-1.2305511980753965,-1.008011294238737
-0.11920707679023919,0.739307577173598
-1.2076215469985747,-0.9730113974976411
0.021277682403814155,0.9667204352533082
-1.0407189134479533,-0.700431380522529
0.1684137173692051,1.1839660311787124
-2.2014105601665013,-2.530332712730972
-2.2638044373840978,-2.6214555623231255
-0.09453331407354404,0.7807897839360254
-0.41903665242879623,0.2613007261295013
-0.3502476991983309,0.37113122667200804
-2.2713622544902154,-2.6438481654064527
-1.1089264961317946,-0.8074398968328245
-1.7851886175039606,-1.8663952103695916
-1.9921368477419819,-2.1955047592683643
-0.8384216475829276,-0.38392912528152595
-0.892420137389313,-0.4791188797354028
-2.152644405279735,-2.450165657094474
0.04362596293401128,1.0021022847231533
-0.4367339685859988,0.2409415754770354
0.2377840411462954,1.293796531721219
-0.14562495114680776,0.6933518864768458
0.5146839657080308,1.7356330014941224
0.28596882548643626,1.374345540086466
-1.746887132456435,-1.8143391623802567
-2.1349470891225324,-2.4286360219119105
-1.0029987989470515,-0.6504087849640551
-1.5486594604177804,-1.5108261535257708
-1.770398154079881,-1.851754464280962
-1.8185829384200227,-1.93271005171881
-1.1623436153915558,-0.9005961988558397
0.19483159172577386,1.229133190074115
-0.6172643244674506,-0.04221228272498426
-0.9553953851535345,-0.5722751817584179
-1.5411016433116624,-1.488051597713696
-2.111436067499086,-2.3895692203090912
-1.0482767305540706,-0.7211724839037428
0.6281694799988912,1.9138117958167085
-0.9583022378866562,-0.5800270387531145
0.6447040550628441,1.9325194467670617
-1.7657471897068853,-1.8399357024245429
-2.175574056356557,-2.4871990062664313
-0.5966601555771266,-0.013719322349074555
-2.059763059879199,-2.3012683549491486
0.6258439978123933,1.9080933912528728
-0.2521340188781747,0.5346692749059632
-1.5611244416553625,-1.5165445580896064
-1.4581035972037422,-1.367647255944281
-0.07392914518321977,0.8117227758153996
-0.6889601304310387,-0.16058317206353792
-0.4814305296463933,0.17017787653734634
-2.0008574059413484,-2.219930814782553
-2.316640186097234,-2.714611864346141
-1.1547857982854377,-0.8798550954746259
-0.3267366775748846,0.40854652857271245
-1.5605430711087382,-1.5145111056587452
0.0648115023709604,1.033417229331274
-1.478707766094066,-1.396928748121542
-1.3788499741340365,-1.2293237950258642
0.3106425882031316,1.4154457941201457
0.1971570739122714,1.2352335473666987
-0.23501807326759738,0.5554103782871771
-1.0918105505212166,-0.7866987934516106
0.35824600199664886,1.4919278976236692
-1.4705685784413236,-1.3745361450382148
-0.1238580411632346,0.7267002835158294
-0.933047104623337,-0.5368933322885732
-1.1800409315487572,-0.9237773337405171
-1.7257015930194861,-1.783812749573485
-0.07858010955621522,0.797082029726769
0.48594060916496506,1.681925453802673
-1.1365071115816112,-0.8570805396625513
-0.20743745781777978,0.6050510211169035
-2.058018948239326,-2.2964129182860766
-1.6563312692423957,-1.6723307493288648
-2.0609258009724476,-2.304953307082123
-0.0475112708266515,0.8568899347108021
-1.3599899168835854,-1.204897739511676
-0.5908464501108827,0.0029548761704172146
0.32775853381370945,1.4341534450704978
-1.7663285602535104,-1.8415872021266564
-1.4264533879275534,-1.3058058985293879
-2.1590394812926035,-2.468491355316079
-2.1857135554076415,-2.5597604494886848
0.4194081670913101,1.470518314560576
0.6629137707369842,1.8467047859984884
-0.5345914491476854,-0.01145301537900468
-1.3933842377996473,-1.3376627804231809
-0.7963757394971855,-0.41285407413245717
-2.0693211883836584,-2.3706504875542973
-2.2280846342815384,-2.6223903387049283
-0.3822230792626748,0.22117260574867106
-2.179318479394772,-2.5410527985383324
-0.8370027067312096,-0.47101047941437646
0.7906083779053,2.037848200363738
-2.1352032888810015,-2.4727291311021076
0.6547745830842421,1.8239302301864146
-0.4457796975735201,0.12560089856604748
0.4617792459652073,1.5327416247042172
-0.3111086438457116,0.33748541631250945
-0.7476095846104198,-0.3315165339658611
0.8817456116659633,2.1834425031048372
-1.085740645296503,-0.8638711493717814
-0.3087831616592138,0.34399235267769573
-1.3457808240061302,-1.258765271760048
0.7447490757516563,1.9650510489931887
-1.7193065170066175,-1.834635546359257
-0.306457679472716,0.35009270997027825
0.7630277624554829,1.9882321838778658
0.12771777910549492,1.0134008820286682
-1.5657754060283577,-1.5975364412972566
-1.8258155847379844,-1.9944640161163836
-1.6374712119919455,-1.7158827042919553
-0.9911151882560937,-0.7077030054037743
-1.1005311087205834,-0.8760718639569481
-1.804886245059505,-2.017172951645906
-1.2142728227699127,-1.1087555535891929
-0.893582878482562,-0.6264481600856014
-1.568938458519949,-1.6609636781317103
0.3012716884274547,1.1997899927246345
-1.3225260021411531,-1.2734394600093928
-0.9995105756673045,-0.784243177411867
-1.7195627167650869,-1.8878708946955511
-0.4324081750011581,0.08558843421404237
-0.13639199343050298,0.5272021527565567
-1.3747803803076655,-1.3653262150590424
-1.5671943468800755,-1.6552452735678749
-0.8088407207347679,-0.4995615082948556
-0.8094220912813921,-0.5012130079969682
0.06357979024802488,0.836691830116505
0.7366098880989143,1.8654889435987776
0.12778675013518107,1.1261915786255412
-0.8195615903324768,-0.3587145379659875
-0.5714050223138075,0.030202915916816116
-2.128552013109664,-2.4099283709615578
-2.19734096634013,-2.519758871504064
-1.4711499489879483,-1.3765695974690761
0.018952200217316497,0.9606200779607246
-1.5640312943884846,-1.525466899614401
-0.2820401165144899,0.4789282747836537
-1.4934982295181458,-1.411569494210172
-1.110670607771668,-0.8122953334958972
-0.641938087184146,-0.08331253675866485
-0.6213339182938213,-0.05481957638275408
-0.05390634683952026,0.8385642364891968
-1.517009251141592,-1.4489847961108777
0.10485709905835965,1.0891582294535846
-0.3249925659350113,0.414264933136548
-2.1767367974498057,-2.489232458697293
-1.9674630850252868,-2.154022552505937
-0.8477235763289187,-0.4103886332265753
-0.8030270152685236,-0.34000688701563525
-0.5438244068639901,0.07943697967394069
-1.7433989091766886,-1.8045538529546992
-1.8809768156376194,-2.023832901310964
-1.2717595358560445,-1.0678191992227695
-0.25155264833155017,0.536702727336825
-0.1174629651503658,0.7454079344661814
-0.617845695014075,-0.044245735155845865
-1.117647054331161,-0.8326544841483629
-0.5002905868968437,0.14575182102315867
-0.9060478597201442,-0.4889041891609602
0.49059157353796046,1.6965661998913033
-1.6746099559462226,-1.6947233524121925
-1.6839118846922139,-1.7211828603572417
-1.56344992384186,-1.52343344718354
-0.030976695762698184,0.8755975856611542
0.40643078633679036,1.5728834850615174
-0.6790768311384237,-0.13130167988627758
0.3730364654207286,1.5065686437122991
-1.1582740215651843,-0.8904289367015342
-1.833954772390727,-1.947350797807441
-1.1382512232214845,-0.861147444524273
0.7123302672000607,2.038283042447845
-2.224340211243323,-2.567748014631678
-1.362896769616708,-1.2130315492351207
-1.9085574310874363,-2.0730669650680884
-0.030395325216073996,0.8776310380920159
0.5529854507555565,1.7876890494834583
-0.32848078921475793,0.40447962371099055
-0.4614077313026937,0.19984132144335595
-0.7324939503981845,-0.2264914343401543
-1.8615353878405438,-1.9965848615645647
0.29294527204592974,1.39267123830807
-1.33531615416689,-1.1630089536766464
-0.2950864682986965,0.4700059332588589
-1.160599503751682,-0.8965292939941172
-1.0871595861482208,-0.7748800315951917
-0.7565863425682554,-0.2655582359429723
-1.0929732916144657,-0.7907656983133333
-1.3652222518032058,-1.218749953798956
0.37885017088697276,1.523242842231791
-1.6534244165092744,-1.6634084078040705
-1.9509285099613338,-2.1356968542843324
0.6882378750299899,1.9984277090436766
-0.4814305296463933,0.17017787653734634
-0.8906760257494396,-0.47426344307233004
0.018952200217316497,0.9606200779607246
-2.1938527430603836,-2.509973562078507
0.08599704180790868,1.0635616894092983
-0.3714332386352795,0.33981628206388614
0.17945975775506928,1.214492443985485
-0.7783532525518286,-0.29890663298195586
-0.48026778855314467,0.17424478139906946
-1.840349848403596,-1.9660584487577932
-0.5879395973777602,0.0114952649664639
-1.1788781904555086,-0.9189218970774444
-1.5863795749186813,-1.5604667963554975
-0.7571677131148796,-0.2675916883738339
0.4630109580881423,1.6473321361341808
0.5553109329420541,1.7934074540472937
-0.7342380620380581,-0.23055833920187627
-0.2527153894247992,0.5326358224751018
-0.908954712453266,-0.49782653068575533
-1.2970146691193638,-1.1117414374886605
-0.2262975150682308,0.5798364338013647
-0.735400803131307,-0.23503182313620108
-2.1549698874662324,-2.4558840616583093
-2.108529214765964,-2.3814354105856466
-1.3434553418196324,-1.186190088561323
0.7140743788399341,2.0443833997404286
-0.8384216475829276,-0.38392912528152595
-2.354360300598136,-2.763463975374517
-1.5892864276518046,-1.5686006060789417
-1.066555417257897,-0.7435650869870701
-2.2620603257442244,-2.6173886574614036
0.29120116040605637,1.388986286175096
-0.8930015079359376,-0.4811523321662636
-2.361336747157629,-2.7849936105570823
0.1536232539451256,1.1693252850900824
-1.4482202979111267,-1.3391542955683706
-0.5002905868968437,0.14575182102315867
0.5834729189384961,1.8454635020366281
0.6775170054322809,1.9963942566128152
-0.3249925659350113,0.414264933136548
-1.8862091505572394,-2.037685115598244
-0.6590540327947235,-0.10484217194122836
-0.025744360843078296,0.8902383317497844
-0.38854918424585705,0.3190751786826725
-2.014485128272179,-2.2305046560094604
-0.7490285254621382,-0.24519908529050657
-0.18857740056732925,0.6298590293598402
-1.9663003439320372,-2.149549068571612
-2.282664494634548,-2.645881617837315
-2.307919627897868,-2.689015324301855
-1.2929450752929932,-1.0991341438308915
-1.1141588310514141,-0.8220806429214548
0.519334930081026,1.7486222478806392
0.5364508756916038,1.7689813985331047
-0.6837277955114188,-0.14594242597490778
-1.2987587807592376,-1.115808342350383
-1.7010278303027913,-1.7427124955398052
-1.991555477195357,-2.193471306837503
-0.859607187019876,-0.4144555380882973
-0.8166547375993545,-0.35096268097129146
-0.03213943685594734,0.8715306807994323
-1.362896769616708,-1.2130315492351207
-1.8763258512646237,-2.009192155222334
-0.7255175038386915,-0.20575033095894055
0.5759151018323783,1.8230708989533024
0.3065729943767609,1.4028385004623753
0.29061978985943215,1.3869528337442347
-0.9800691478702295,-0.6133754357920974
-0.9283961402503418,-0.5242860386308043
-0.19264699439370037,0.6168697829733223
-0.12036981788348815,0.7372741247427376
-1.8992555023414452,-2.0466074571230397
-0.1833450656477092,0.6444997754484703
-1.7933278051567028,-1.8887878134529192
0.5576364151285526,1.800296343141227
-0.9388608100895816,-0.5535675308080652
-2.3296865378814404,-2.7223637213408383
-0.36387542152916175,0.3605573854450998
-0.5461498890504878,0.07333662238135719
0.582891548391872,1.8434300496057683
0.6946329510428588,2.0167534072652806
0.5646128616880453,1.8210374465224413
-1.5393575316717893,-1.4839846928519735
-0.8459794646890452,-0.4046702286627397
-1.8621167583871685,-1.9986183139954263
0.23836541169291975,1.2958299841520813
-0.776027770365331,-0.2928062756893723
0.6046584583754445,1.8767784466447506
-0.20336786399140883,0.6152182832712086
-0.475616824180149,0.18685207505683812
-0.1615781556641364,0.6766776879573553
0.429360437413612,1.6074768027300115
-1.9503471394147094,-2.1336634018534713
-0.5661726873941878,0.04405513020409667
-0.8906760257494396,-0.47426344307233004
-0.7484471549155134,-0.2431656328596461
-1.5887050571051795,-1.5665671536480805
-2.355523041691385,-2.7683194120375902
-1.650517563776152,-1.655656550809374
-1.0465326189141972,-0.7163170472406702
-0.6590540327947235,-0.10484217194122836
-1.4522898917374976,-1.3517615892261399
-0.010372526872374256,0.9048790778384148
-2.334918872801061,-2.7370044674294682
-1.9050692078076894,-2.063281655642531
-2.21736376468383,-2.5470069112504636
-1.0172078918245069,-0.6605760471183603
0.5181721889877771,1.7465887954497787
-1.3658036223498295,-1.2215719380311671
-0.9072106008133931,-0.4929710940226826
0.489428832444711,1.692499295029582
-0.9783250362303563,-0.6093085309303748
-2.087343675329016,-2.3501204659775254
-0.2103443105509019,0.5965106323208567
-1.9027437256211923,-2.0563927665485973
-0.5502194828768588,0.060729328723588445
-1.7404920564435657,-1.7956315114299042
-1.4705685784413236,-1.3745361450382148
-0.2103443105509019,0.5965106323208567
0.011394383111199068,0.9374389430760477
0.15711147722487223,1.1794925472443878
-1.4305229817539242,-1.3187951449159048
-0.25969183598429224,0.5139281715247496
-1.9767650137712776,-2.1808640131797343
-0.8166547375993545,-0.35096268097129146
-1.000091946213929,-0.6418683961680076
0.6534246132622105,1.956945502281249
-0.2744822994083725,0.49928742543611937
-1.9515098805079578,-2.137730306715193
-2.355523041691385,-2.7683194120375902
-1.386407791240154,-1.250064898407078
-1.1542044277388135,-0.877821643043765
-1.7062601652224105,-1.7565647098270856
-0.3902932958857305,0.31539022654969734
0.014882606390945342,0.9480127843029558
-2.3395698371740563,-2.7516452135180987
-2.0185547220985507,-2.2406719181637667
-2.079785858222898,-2.3297613153250594
0.0343240341880205,0.9744722922480051
-2.044972596455119,-2.288279108562632
-1.7561103237613216,-1.0725109258472791
-1.9416857858336103,-1.4279511147547699
-2.3761371285305675,-2.2488984843191173
-2.685731745762642,-2.850192885556748
-2.1676320153814554,-1.861132067771766
-1.8409214525388018,-1.242657826498775
-1.8017134261564955,-1.1665685620913828
-2.7882401906973255,-3.039171125945718
-2.6067343224514072,-2.6955743252385003
-2.410694190539877,-2.313144360526236
-2.4281353069386102,-2.3593474287972316
-1.867920697441994,-1.2868274423389088
-1.6904844230224465,-0.9542854980306142
-1.6968794990353149,-0.9714653380659755
-2.300627928499077,-2.103301327968931
-2.5704331488022225,-2.626854965097057
-0.48905746931963684,1.3224747906050833
-2.7760314092182123,-3.006844898305857
-1.6617410664793804,-0.9043974776266451
-2.2835119828884998,-2.08612148793357
-2.7882401906973255,-3.039171125945718
-2.031147878984086,-1.608770919076441
-0.5282654957019429,1.2467674789264382
-0.9955297887683356,0.3648772325591983
-2.757752722514386,-2.985191574336172
-1.4163534091344603,-0.44704873303708753
-1.442189912944405,-0.48839636464500963
-0.7788854879664818,0.7747533619043955
-1.2508007454058712,-0.118598319934369
-1.7227160028452593,-1.0119500017731347
-1.6266026339234456,-0.840151601419526
-0.7225615159735987,0.8688109981484998
-2.321557268177557,-2.1585258002079883
-2.421158860379117,-2.340516089059758
-2.3046975223254482,-2.1151447161692047
-2.061053976620402,-1.6603104391825232
-1.9228257285831598,-1.4046462910829713
-2.3778812401704403,-2.254616888882953
-0.4873133576797637,1.3269482745394068
-0.9304852585760862,0.4826960813032613
-1.3385187269164724,-0.2961151248518132
-2.68805722794914,-2.8559112901205834
-0.8514878352648497,0.6373146416215086
-0.7402588321308002,0.8495977056822778
-2.7554272403278888,-2.979473169772336
-0.4315707562335045,1.4202173789821602
-1.3263099454373601,-0.2634069444832048
-1.4087955920283426,-0.42783544057086553
-1.5049089609501571,-0.5996338409244744
-2.3023720401389505,-2.1090197325327678
-0.972600137691514,0.3992369126299202
-0.9211833298300951,0.5080343574059205
-1.2946597361611722,-0.20818247224414851
-1.1886630679467431,-0.00939429608576585
-1.7706445874269323,-1.1105555580509752
-1.0785968059059428,0.20044873647153885
-2.070937275913017,-1.6876821677160445
-1.811596725449111,-1.1927698060948055
-1.6692988835854987,-0.9260508015963301
-0.45973274222994615,1.3723628110090518
-1.1535246353908086,0.057673564353563384
-2.1917244075515256,-1.8971432475446013
-1.7085069099678039,-1.002140066003723
-0.5323350895283137,1.234924090726165
-1.012970905167069,0.3190561170169516
-0.6688192259256823,0.9833514738321893
-2.201607706844142,-1.9245149760781222
-0.5375674244479334,1.2214292028237788
-0.6090070306530523,1.0884639664752156
-2.670034741003783,-2.807674769418727
-1.2519634864991198,-0.12228327206734407
-0.8724171749433289,0.5820901693824522
-0.4620582244164437,1.3670263591739642
-2.7455439410352738,-2.953271925768913
-1.2272897237824245,-0.0842386398636482
-2.5001562836903535,-2.4951346493780053
-1.814503578182233,-1.2009282421621041
-2.3163249332579365,-2.145819444106952
-1.2653350090714819,-0.15664295213806598
-1.0030876058744536,0.3452573610203737
-1.80752713162274,-1.1813083706232799
-2.252443144158936,-2.031278968423262
-0.837278742387394,0.6471245773909211
-1.339100097463098,-0.2977666245539267
-2.4908543549443616,-2.469796373275345
-1.409376962574967,-0.4298688930017258
-2.706917285199592,-2.8784275819910325
-2.5195977114874286,-2.519302440950567
-2.5779909659083406,-2.6460682575632792
-0.837278742387394,0.6471245773909211
-0.9011605314863947,0.5322021489784822
-0.4257570507672604,1.4357457193154084
-1.7056000572346817,-0.9947701617377741
-0.9316479996693349,0.4790111291702863
-1.829875412152938,-1.2136345982631405
-2.339835954881383,-2.1801791241776742
-1.8871059254806002,-1.3383669624449914
-0.6124952539327987,1.0782720779770565
-1.3666807129129148,-0.3439696928249216
-0.8491623530783521,0.643439625257947
-2.7725431859384657,-2.996653009807697
-0.8860448972741597,0.5730687654143893
-1.9135237998371692,-1.3800965467816617
-2.0587284944339044,-1.6549739873474356
-1.4732587516739688,-0.5436208368840671
-2.427553936391986,-2.3576959290951187
-0.9456008927883212,0.4426179966687039
-2.5652008138826026,-2.6133600771946703
-1.9187561347567892,-1.3935914346840483
-2.592781429332421,-2.658774613664315
-0.9211833298300951,0.5080343574059205
-1.5394660229594672,-0.6638797171315926
-1.398912292735728,-0.40084566476609174
-2.013125392038729,-1.5617048829046827
-2.773705927031714,-3.0003379619406716
-1.3080312587335339,-0.24254215231487053
-1.6986236106751884,-0.9751502901989495
-2.450483587468808,-2.3920556091658396
-2.686894486855891,-2.8522263379876094
-1.5862318664478907,-0.7599708058065572
-2.1377259177451404,-1.8095925476656831
-0.49487117478588083,1.3073284030005832
-1.8778039967346096,-1.3130286863423315
-1.66290380757263,-0.9088709615609696
-1.955638678952597,-1.4643442472563528
-1.2841950663219326,-0.1791592440085141
-2.7437998293953996,-2.9487984418345885
-1.9867075176821605,-1.5191867667666619
-1.7619240292275657,-1.0880392661805272
-0.8326277780143986,0.6606194652933073
-1.7343434137777476,-1.0418361979095316
-2.774287297578339,-3.0023714143715328
-2.780101003044584,-3.0175178019760316
-1.625439892830197,-0.8356781174852016
-2.128423988999149,-1.785042803364374
-2.2384902510399494,-1.9948858359216788
-2.156585974995591,-1.8321088395361318
-2.645942348833712,-2.771663589645892
-0.6862603423244148,0.9375303582899428
-1.5990220184736281,-0.7943304858772791
-2.7606595752475087,-2.99335001040347
-2.2489549208791897,-2.0210870799251017
-1.6225330400970743,-0.8286901659480007
-1.3579601547135487,-0.32028291642437495
-0.7905128988989705,0.7448671657679982
-0.8854635267275356,0.574720265116503
-0.5587529638848822,1.1931945063894953
-2.175771203034197,-1.8819968599401014
-2.7127309906658357,-2.893573969595532
-1.8046202788896177,-1.1739384663573316
-1.1880816974001187,-0.00736084365490543
-2.6308267146214774,-2.731967457740083
-2.140632770478262,-1.816962451931632
-1.230777947062171,-0.09326004383170983
-0.976669731517885,0.38777547715839433
-2.4194147487392437,-2.3368311369267825
-2.307023004511946,-2.1204811680042925
-1.4398644307579072,-0.4830599128099221
-1.0751085826261964,0.21025867224095007
-1.3420069501962197,-0.30513652881987596
-1.29175288342805,-0.20002403617684966
-1.089642846291807,0.17142550823590458
-2.232095175027081,-1.9777059958863177
-2.675848446470028,-2.823203109751975
-0.9650423205853962,0.41845020509614234
-2.677011187563276,-2.826888061884949
-2.7231956605050764,-2.920945698129053
-1.1061774213557602,0.15424566820054297
-2.2806051301553776,-2.07913353639637
-1.2267083532358,-0.08179860836018386
-1.4111210742148408,-0.433553845134701
-2.0651235704467736,-1.6721538273827963
-2.7957980078034437,-3.0583844184119395
-2.1202848013464073,-1.7633894793946885
-0.5709617453639952,1.1608682787496336
-1.9971721875214004,-1.5465584953001834
-2.264326754849893,-2.0345819678274886
-1.5258383006286362,-0.6548583131635308
-1.592045571914135,-0.7751171934110572
-1.0446211144432571,0.263831644777894
-2.214979229416503,-1.958874656148844
-1.853130234017915,-1.275366006867383
-2.600920616985163,-2.6804279376340006
-1.2711487145377265,-0.17217129247131294
-2.059891235527153,-1.6586589394804099
-1.1183862028348737,0.12191944056068242
-1.3719130478325352,-0.3566760489259585
-0.9217647003767194,0.5060009049750602
-1.0913869579316806,0.1660890564008169
-2.7899843023371993,-3.0428560780786915
-1.7607612881343166,-1.086387766478414
-0.7640950245424021,0.7862147973759216
-2.7917284139770717,-3.0481925299137806
-1.0112267935271955,0.3243925688520392
-1.0405515206168858,0.2728530487459557
-2.312255339431566,-2.134358008635427
-1.979731071122667,-1.5003554270291877
-1.2929156245212985,-0.2020574886077102
-0.9345548524024571,0.47164122490433835
-2.2864188356216215,-2.09427992400087
-1.7038559455948086,-0.9886451781013362
-1.2571958214187398,-0.13577815996973056
-1.6997863517684377,-0.9796237741332742
-1.2624281563383597,-0.14848451607076613
-2.1589114571820893,-1.8386157759013178
-1.0036689764210778,0.3432239085895131
-1.2243828710493025,-0.07608020379634825
-1.4035632571087229,-0.41434055266847913
-0.8854635267275356,0.574720265116503
-2.01196265094548,-1.5592648514012193
-1.2360102819817915,-0.1071368844628441
-1.0347378151506417,0.2879994363504557
-1.2513821159524956,-0.12063177236523048
-1.2214760183161806,-0.0690922522591482
-2.627919861888355,-2.723809021672784
-1.4175161502277096,-0.4507336851700617
-1.411702444761465,-0.4352053448368136
-2.1571673455422156,-1.8341422919669927
-1.3437510618360928,-0.3096100127541997
-1.3567974136202996,-0.316597964291401
-1.374819900565657,-0.3648344849932571
-2.7115682495725872,-2.890270970191306
-0.7483980197835423,0.8287329135139422
-1.9205002463966627,-1.3989278865191352
-2.4943425782241087,-2.4796063090447578
-2.603827469718285,-2.6874158891712008
-1.9077100943709249,-1.3645682064484141
-1.3091939998267832,-0.24622710444784446
-2.564619443335979,-2.6117085774925575
-1.0756899531728208,0.20781864073748688
-1.4831420509665845,-0.5689591129867263
-2.5939441704256687,-2.661214645167779
-1.611486999711211,-0.7996669377123669
-2.7490321643150195,-2.962293329736976
-1.8345263765259334,-1.2254779864634138
-2.723777031051701,-2.9225971978311653
-1.7056000572346817,-0.9947701617377741
-2.307023004511946,-2.1204811680042925
-0.5709617453639952,1.1608682787496336
-1.6869961997426999,-0.9452640940625527
-0.5581715933382576,1.1952279588203556
-2.2091655239502592,-1.943346315815596
-0.6746329313919266,0.9682050862276905
-2.325045491457303,-2.1687176887061486
-2.5376201984327857,-2.567157008923675
-1.958545531685719,-1.4713321987935535
-2.0651235704467736,-1.6721538273827963
-1.738994378150743,-1.0553310858119183
-1.1605010819503014,0.038460271887341343
-1.3684248245527886,-0.34765464495789683
-1.394842698909357,-0.39103572899668054
-1.9843820354956632,-1.513850314931574
-1.5574885099048248,-0.7117342851047008
-2.470250186054039,-2.4435951292719227
-1.5804181609816466,-0.7444424654733098
-1.583906384261393,-0.7542524012427213
-0.5218704196890741,1.2639473189617998
-1.904221871091178,-1.3555468024803523
-1.078015435359318,0.20210023617365133
-0.6124952539327987,1.0782720779770565
-2.8105884712275224,-3.0710907745129763
-1.5505120633453318,-0.6929029453672265
-0.4971966569723788,1.301609998436748
-0.6482150570353581,1.0115861702664741
-2.7542644992346403,-2.9761701703681096
-2.614873510104148,-2.716439117406835
-1.0347378151506417,0.2879994363504557
-2.5611312200562315,-2.601516688994397
-0.8848821561809114,0.5767537175473646
-1.8537116045645388,-1.2770175065694966
-1.8461537874584217,-1.2561527144011613
-2.2068400417637615,-1.9372213321791578
-1.3033802943605384,-0.23069876411459647
-2.192887148644775,-1.9008281996775753
-2.7940538961635695,-3.0539109344776154
-2.4925984665842353,-2.4759213569117837
-1.073364470986323,0.21394362437392528
-0.48963883986626117,1.3208232909029696
-2.71447510230571,-2.897258921728506
-0.4521749251238285,1.3932276031773874
-2.614873510104148,-2.716439117406835
-0.7916756399922192,0.7403936818336744
-0.49022021041288544,1.3187898384721077
-0.9316479996693349,0.4790111291702863
-0.5610784460713799,1.187069522753057
-0.7074458817613632,0.908507130054308
-1.72155326175201,-1.0095099702696715
-0.8192562554420366,0.6949791453640295
-1.454398694423518,-0.521104545013618
-1.9234070991297847,-1.4070863225864352
-0.4344776089666267,1.4128474747162114
-0.6787025252182975,0.9580131977295302
-2.3491378836273733,-2.204728868478984
-2.34332417816113,-2.1892005281457356
-0.6827721190446681,0.946551762258004
-0.7402588321308002,0.8495977056822778
-0.5761940802836153,1.1469914381184994
-0.9609727267590256,0.42912310876631754
-1.919337505303414,-1.3956248871149095
-2.603827469718285,-2.6874158891712008
-1.2150809423033118,-0.05191241222378666
-2.537038827886161,-2.5655055092215626
-0.7489793903301671,0.826292882010479
-1.5598139920913225,-0.7174526896685361
-0.8724171749433289,0.5820901693824522
-2.433949012404854,-2.3748757691304796
-1.2484752632193734,-0.11247333629793176
-1.000762123687956,0.3513823446568119
-1.7988065734233738,-1.1584101260240836
-2.427553936391986,-2.3576959290951187
-1.4340507252916632,-0.4679135252054219
-1.3356118741833507,-0.2879566887845144
-1.335030503636727,-0.2859232363536541
-1.5458610989723363,-0.6810595571669539
-2.240234362679823,-1.9985707880546528
-2.700522209186723,-2.861247741955671
-1.994265334788278,-1.5384000592328837
-1.4311438725585408,-0.4597550891381231
-1.429399760918668,-0.45403668457428775
-1.4901184975260775,-0.5881724054529484
-2.2852560945283726,-2.089806440066545
-2.8088443595876496,-3.0653723699491406
-0.5070799562649939,1.2754087544333244
-1.4398644307579072,-0.4830599128099221
-1.4000750338289765,-0.4045306168990668
-2.4586227751215497,-2.4125384486054275
-1.2484752632193734,-0.11247333629793176
-1.3800522354852773,-0.37832937289564367
-2.6482678310202097,-2.777000041480979
-2.396485097662422,-2.3024714568560616
-1.7372502665108696,-1.049994633976831
-1.7343434137777476,-1.0418361979095316
-2.7074986557462157,-2.8800790816931454
-1.3614483779932955,-0.3304748049225354
-1.4163534091344603,-0.44704873303708753
-2.67236022319028,-2.8133931739825626
-1.150617782657686,0.06466151589076463
-0.71093410504111,0.8994857260862467
-2.421158860379117,-2.340516089059758
-2.1963753719245216,-1.9110200881757355
-2.177515314674071,-1.888121843576539
-1.4901184975260775,-0.5881724054529484
-2.048263824594665,-1.6279842115426633
-0.9287411469362129,0.4871695652375849
-0.706864511214739,0.9101586297564218
-1.481979309873335,-0.5673076132846127
-1.6483695439070194,-0.8700377975559231
-1.508978554776528,-0.6106886973233963
-2.3854390572765576,-2.273448228620427
-2.6476864604735857,-2.7753485417788677
-2.4690874449607896,-2.439910177138948
-2.1394700293850137,-1.8132774997986583
-0.8895331205539064,0.5628768769162301
-0.9304852585760862,0.4826960813032613
-1.9896143704152827,-1.5273452028339607
-1.704437316141433,-0.9902966778034493
-0.4521749251238285,1.3932276031773874
-2.134819065012018,-1.8022226433997346
-0.7190732926938521,0.8778324021165612
-0.7501421314234157,0.8226079298775038
-1.647788173360394,-0.86838629785381
-1.5534189160784537,-0.7002728496331759
-1.9550573084059726,-1.4623107948254919
-1.108502903542258,0.14890921636545532
-0.7846991934327263,0.7600135533724983
-2.5974323937054162,-2.6702360491358403
2.9455033185822104,1.7525480285876132
4.257972198227727,3.0423184463169615
-0.3145178266094735,-1.5482685614853469
4.5581072602941655,3.3661236744138323
2.5163236795254256,1.3007268840993098
1.9154721848459286,0.6912372646809504
1.215738410570869,0.015047997575538343
0.4852609683543989,-0.7256861015390664
3.1142683214718025,1.904399036510567
3.7606539475167877,2.549284245375241
4.65989639262285,3.4792760934862454
5.017449196745729,3.8418543465330686
1.4886180279756436,0.28256589217378203
0.9019756261736007,-0.3170147290318981
0.18628864738121118,-1.0453997984303607
3.403101143393905,2.224112733401861
2.0996090217062253,0.8928440433934922
3.6463998339505204,2.4710240997733957
3.6611902973746004,2.4809330979860755
4.346133608225583,3.147213366878808
0.9576492565901736,-0.2425608988100259
3.1722674340748718,1.983807365838779
1.7585907926472957,0.545129287665686
2.8005055370745344,1.6105315827779245
4.329599033161627,3.1315613377584395
3.70149209382047,2.50563115741836
4.829824136605689,3.631990069309962
1.413502969761995,0.1867170019238508
0.2590782234083617,-0.9552939390881199
2.716413720903052,1.5163341922301068
0.07203453381494383,-1.1253114437343188
1.5016643797598503,0.2891718909822353
1.1855761131760845,-0.009650061856746857
1.9006817214218497,0.6805397346669215
0.7285596589110143,-0.47877473516753183
2.44527821513815,1.2521192970360895
1.4419211555169062,0.24386730332324066
3.118337915298173,1.912656535021133
3.1870578974989536,1.994504895852808
1.9006817214218497,0.6805397346669215
2.174724079919874,0.9895559015441853
1.399293876884539,0.17601947190982187
5.076029679895425,3.8855074344899503
3.8430016520483994,2.6393901047174824
1.9598435751181686,0.7623880954985965
5.032821030716436,3.8542033762492123
3.7157011866979235,2.513888655928926
3.375264328185621,2.1686139317045843
3.872582578896557,2.6616481326463046
3.6446557223106466,2.4270857959909122
-0.7283256316955534,-1.9495454033827124
4.315971310830798,3.1225153074465233
4.300599476860092,3.110166277730381
4.614943631803985,3.4056852311651364
0.6154682864379953,-0.5935786539420584
4.8872418786621346,3.7097468989360607
1.1736925024851277,-0.05114833413576746
2.1315154307408823,0.9200565704286539
3.001176948998783,1.789595117736041
3.3587297531216675,2.152961902584216
-0.3139364560628495,-1.5458285299818828
0.2987986493076061,-0.9322473793579477
-0.38498192045012636,-1.5952246488464543
4.2875531250758865,3.103560278921927
3.2462197511952726,2.0398094835118026
3.0455483392710234,1.860745948553686
1.2026920587866625,0.0076534669657354155
3.4866115890187652,2.277674819571421
0.627933267675577,-0.5886241548357186
4.159671289178788,2.978058830133372
3.1450119894132094,1.9283085641415025
4.790103710706445,3.608943509579791
4.901450971539591,3.7204444289500898
4.575223205904743,3.383427203236315
2.7004605163857227,1.502333662811852
-0.5981183136119573,-1.8174379557857043
1.5283384538748868,0.30482392010260395
3.973790340678619,2.7714975523144907
0.6012591935605397,-0.6042761839560878
2.830086463922694,1.6327896107067463
-0.3014714748252671,-1.5408740308755435
2.658995978846605,1.4385773626040086
0.34142592793997184,-0.8651880797458791
4.772406394549244,3.5916399807573076
3.372357475452498,2.1612194010947814
4.661640504262723,3.4825790928904725
0.9576492565901736,-0.2425608988100259
3.0165487829694886,1.8019441474521838
-0.18431050852587816,-1.4161611138883383
0.6143055453447468,-0.5968816533462843
0.6024219346537889,-0.6009731845518613
0.6172123980778688,-0.5902756545378318
-0.25593734345977887,-1.4664202006536717
0.9706956083743801,-0.23595490000157324
1.1725297613918786,-0.054451333539994116
-0.24114688003569895,-1.4557226706396427
4.574641835358118,3.3817757035342004
1.4312002859191977,0.2422158036211271
0.3130077421850618,-0.9223383811452681
2.201979524581535,1.0052079306645552
3.401357031754031,2.220809733997635
1.174273873031752,-0.04949683443365444
3.6434929812173986,2.4254342962887994
3.814583466293486,2.6204350761928867
4.275669514384929,3.1002572795177006
4.160834030272037,2.9797103298354846
1.116274760428681,-0.09149842268842183
4.374551793980493,3.1661683954034032
2.515160938432177,1.297423884695084
0.7421873812418444,-0.47051723665696593
1.357247968798798,0.1488069448746602
-0.12689276646943182,-1.3376157524608898
4.504177741517465,3.2966243432983005
3.546354813261708,2.362826179807322
-0.4435624035998209,-1.6762844778767794
4.40122586809553,3.2200156973985665
4.503015000424215,3.293321343894073
1.6164998638727415,0.40893030886310083
-0.6845356119699385,-1.916589845439861
2.4446968445915256,1.2504677973339768
-0.4429810330531967,-1.6746329781746663
3.5895634624406987,2.3924787383459476
-0.3429360123643844,-1.5672235900099423
1.129321112212887,-0.08410389207861899
2.1866076906108307,0.9936474327497621
-0.8011152077227037,-2.0396512627249535
3.1461747305064596,1.9316115635457285
1.9995640010174134,0.7846461234274184
1.3004115972889767,0.07191308314932483
0.40233189327616475,-0.8157919608813079
2.1439804119784642,0.9257996013363431
2.345233194449337,1.1447099088713661
1.6283834745636985,0.41302184006867776
2.542997753640465,1.3545741860944738
0.6012591935605397,-0.6042761839560878
4.016998989857609,2.840996883430022
0.9019756261736007,-0.3170147290318981
2.5293700313096337,1.3081214147091142
2.2025608951281592,1.0068594303666676
-0.6134901475826615,-1.829786985501847
3.7873280216318252,2.6031315473704053
4.2869717545292625,3.101908779219815
1.5596634923629202,0.3693687521117967
2.558950958157794,1.3685747155127288
-0.3554009936019665,-1.5721780891162822
0.6308401204086991,-0.5812296242259152
-0.34235464181776,-1.5655720903078294
4.5871068165957,3.3867302026405413
3.8026998556025298,2.6146920452851985
1.902425833061723,0.6838427340711474
4.161415400818662,2.9821503613389484
3.9186980808086718,2.7368904946695265
3.745282113546083,2.5369352156591
4.743406838247708,3.5328381796558057
4.402969979735404,3.223318696802794
0.8416510313840322,-0.36397081639300516
3.532145720384253,2.352917181594643
3.2746379369501835,2.0969597849111925
1.6153371227794924,0.40562730945887476
2.5453232358269617,1.3603172170021631
2.789203296930203,1.6072285833736983
4.9724964359268675,3.7690520160133105
3.6162375365557367,2.408130767466317
4.329599033161627,3.1315613377584395
4.0465799167057686,2.863254911358846
0.9872301834383337,-0.220302870881204
2.3878604730817035,1.174362467409991
-0.6146528886759101,-1.833089984906073
-0.3565637346952156,-1.575481088520509
1.8029621829195353,0.6162801184833321
3.416147495178112,2.230718732210314
1.002602017409038,-0.2079538411650614
-0.5441887948352578,-1.786133897544966
4.801987321397405,3.6146865404874804
4.561595483573912,3.3743811729243993
4.460969092338475,3.2653202850575616
0.9019756261736007,-0.3170147290318981
0.3141704832783107,-0.9206868814431552
4.160834030272037,2.9797103298354846
1.7284284952525113,0.5204312282334008
4.561014113027286,3.3727296732222842
-0.5726069805901686,-1.8050889260695613
3.3013120110652214,2.1126118140315606
1.9711458152625014,0.7656910949028226
2.2872340818462664,1.0645130477418048
-0.35714510524183984,-1.5771325882226215
1.085531092487272,-0.11705945002147045
1.288527986598018,0.06695858404298509
4.630315465774689,3.4180342608812793
1.3015743383822247,0.07356458285143785
1.0020206468624135,-0.20960534086717506
0.1282895347781408,-1.0874013866851286
1.674498976475812,0.48912716999266237
1.5312453066080094,0.31221845071240684
3.8003743734160333,2.6097375461788572
2.044516761836276,0.8574484539471771
1.3447829875612158,0.14306391396697032
0.7740937902765027,-0.44251617782045416
2.200816783488286,1.0035564309624414
0.6024219346537889,-0.6009731845518613
4.118788122186297,2.9143025299255294
5.045286011954021,3.859946407156902
0.6024219346537889,-0.6009731845518613
3.6458184634038955,2.469372600071283
-0.38730740263662417,-1.6001791479527936
3.2871029181877653,2.1019142840175316
-0.6993260753940183,-1.9289388751560037
2.5998341251502852,1.393272774945015
-0.3139364560628495,-1.5458285299818828
2.7602037406286657,1.5476382504708457
4.601897280019779,3.399079232356684
1.4175725635883658,0.19576303223576738
4.85940506345385,3.6542480972387845
-0.1854732496191267,-1.4194641132925652
4.243763105350272,3.0340609478063962
2.942596465849088,1.7459420297791597
2.345233194449337,1.1447099088713661
3.2035924725629057,2.010156924973177
2.058144484167108,0.8664944842590934
5.045867382500643,3.8615979068590156
0.4301687084844513,-0.7984884320588258
-0.75616244690384,-1.9668489322051947
3.145593359959835,1.9299600638436158
4.858242322360601,3.650945097834558
-0.1422646004401364,-1.3499647821770324
3.1461747305064596,1.9316115635457285
3.158058341197417,1.9738983676260995
1.4862925457891456,0.27682286126609273
4.701942300708592,3.506488620521406
-0.28726238194781184,-1.4919812279867208
3.087594247356765,1.8887470073901984
1.3862475251003332,0.16941347310136853
1.9427276295075915,0.746736066378227
2.4606500491088537,1.2644683267522328
3.81632757793336,2.6237380755971142
4.132415844517126,2.922560028436095
4.846940082216265,3.649293598132444
3.502564793536093,2.2916753489896773
2.729460072687259,1.52372872283991
4.830986877698939,3.6352930687141884
0.22775318492032867,-0.9816434982225187
5.031076919076564,3.8509003768449857
-0.3406105301778865,-1.5614805591022523
3.703817576006968,2.5105856565247002
1.0156483691932434,-0.2005593105552585
2.400325454319285,1.1793169665163308
2.257653154998107,1.0422550198129827
2.2878154523928904,1.0661645474439185
-0.6294433520999904,-1.8437875149201026
3.561145276685787,2.3735237098213524
1.5886630486644557,0.38997528033850515
5.016286455652481,3.838551347128843
3.6719111669723086,2.4825845976881875
-0.24347236222219643,-1.4606771697459822
-0.5583978877127135,-1.7943913960555316
-0.5560724055262155,-1.7894368969491918
4.50359637097084,3.2949728435961854
-0.5122823858006004,-1.7199375658336602
0.2738686868324415,-0.9429449093719774
4.987868269897572,3.781401045729453
1.9450531116940892,0.7516905654845665
2.5737414215818726,1.3792722455267588
3.445147051479647,2.252113792238373
3.944790784377084,2.750891024087782
-0.6134901475826615,-1.829786985501847
4.116462639999798,2.9085594990178394
4.74631369098083,3.539444178464259
2.760785111175291,1.549289750172959
3.587819350800825,2.3891757389417214
4.701360930161966,3.504837120819292
0.9280683297420138,-0.3030141996136419
1.7426375881299667,0.5311287582474309
-0.055847302082155346,-1.2890081653976695
4.175624493696118,2.9920593595516274
4.418923184252733,3.237319226221049
1.1725297613918786,-0.054451333539994116
0.7581405857591732,-0.45651670723870985
0.35737913245730085,-0.8511875503276226
3.687283000943014,2.49493362740433
4.331924515348124,3.1365158368647794
2.5583695876111694,1.3669232158106168
2.5867877733660802,1.3858782443352122
-0.6714892601857317,-1.9091953148300584
-0.7851620032053753,-1.987455460431904
3.858954856565727,2.6533906341357385
2.071190835951314,0.8731004830675455
0.6592583061636105,-0.5622745957013199
2.93187559625138,1.7442905300770462
4.032370823828316,2.8533459131461654
0.1436613687488448,-1.0750523569689854
1.8597985544293565,0.6541901755325228
1.4419211555169062,0.24386730332324066
-0.4134001062050372,-1.6141796773710502
0.7308851410975122,-0.4738202360611921
1.1707856497520053,-0.058542864745570335
4.975403288659989,3.776446546623114
1.1855761131760845,-0.009650061856746857
1.1583206685144225,-0.06349736385191004
3.329730196820133,2.1315668425561562
3.343357919150962,2.140612872868073
-0.24230962112894783,-1.4573741703417553
3.001176948998783,1.789595117736041
4.059626268489975,2.8706494419686477
0.6285146382222014,-0.5869726551336056
3.9885808041026976,2.7838465820306335
0.6734673990410659,-0.5515770656872904
-1.701717540599654,-2.3185773596357757
-1.5943709025631938,-2.1775693432487397
0.579817302827683,0.6679647733058851
-0.8322235667102597,-1.1869273388497779
-0.36686101170338803,-0.5742905398474994
-0.5632756010724832,-0.832386158623253
-0.6906450374526439,-1.0037968990299395
-1.4539551143988267,-1.9964723558597623
-0.33262912048223336,-0.5317615373420952
-0.526136857118206,-0.7813413936656565
-0.6688781274690707,-0.9685387383472166
-0.2954903765279557,-0.48150530418584847
-1.4910938583531037,-2.0478990735461067
-0.9395702047467208,-1.3287238870381646
-1.0280567855327305,-1.4429895051946706
-0.7248769286737989,-1.0459193224627414
-0.7968289343958558,-1.1407380105552534
1.3083141180060862,1.6168663070007927
-0.20584105464869748,-0.3623842493662691
-0.5615314894326098,-0.8275307219601805
-0.22644522353902177,-0.3956089576181308
-1.4156536293513005,-1.9413606860404427
-0.5975074922936384,-0.8741266293273074
1.0936208419331643,1.334468321497972
-1.5642086051684096,-2.1471666192290892
1.9164179433638215,2.417107029757234
-0.15565595891021355,-0.30282372195648005
-1.4533737438522023,-1.994438903428901
0.17103491957216393,0.1339534790486422
-1.4008631659272206,-1.9287780187265287
1.4734036688871481,1.8413552647959368
-1.0411031373169366,-1.4522937994482128
0.7750691511035283,0.9219934872199167
-1.5613017524352872,-2.1378623249755466
-1.0976833090682894,-1.5317078359945997
1.0805744901489576,1.3251640272444296
-0.7762247655055317,-1.1103352865356033
-0.9761275781543731,-1.3769466677635502
1.4728222983405237,1.839321812365075
-0.5786474350431878,-0.847384231096777
0.21773179203090112,0.18499824400623838
0.9561119065019191,1.1643025017207964
2.0916469932959685,2.6399444878502645
-0.6688781274690707,-0.9685387383472166
-0.4713007970067268,-0.7059942619809926
-0.4005115323779191,-0.6160310105515535
0.6642342897873212,0.7692657714197276
-0.5072767998677554,-0.7550055745077284
-0.4759517613797225,-0.7217808662558666
0.16580258465254427,0.118548827502516
1.38375434700789,1.7222342099763586
2.127041625610372,2.686540395217392
1.38375434700789,1.7222342099763586
-0.7396673920978787,-1.0592905215780064
0.9891810566298258,1.2019760675631281
0.9561119065019191,1.1643025017207964
-1.7234844505832272,-2.353835520318498
-1.4522110027589534,-1.9924054509980402
1.0617144328985069,1.2992101608152484
1.9683471507421784,2.4811164147574933
1.2764077089714285,1.5812261935893217
0.3439384873178131,0.35234207955120267
0.8818344185933645,1.0609680511760924
-0.07963435936178584,-0.19425188201995514
0.3102879666432821,0.31060160884714927
1.915255202270573,2.413040124895511
-1.4374205393348736,-1.9766188467231651
-0.9006873491525703,-1.2711968120592363
-0.3863024395004639,-0.6026598114362884
1.3654756603040628,1.6983137959780394
1.8833487932359154,2.377400011484041
1.593796658707815,1.9916675754365163
0.3857281956450856,0.4163514645514629
-1.0811487340043364,-1.5118543268580031
0.27896292815524926,0.2773769005952875
1.7524911335760083,2.1966849768238124
1.2346180006441552,1.5175987613178106
-1.0280567855327305,-1.4429895051946706
1.2404317061103995,1.535036865294797
1.1301782153408169,1.3847245546542184
2.1624362579247753,2.7327297235119152
-1.2781446939200554,-1.7719833980646178
0.8269983584818854,0.9876543719222897
-0.263583967493299,-0.44586519077437736
-0.470138055913478,-0.7039608095501316
2.0733683065921418,2.6156421211231984
1.1513637547777655,1.4183312156348282
-0.27953717201062755,-0.4636852474801129
0.7910223556208575,0.939431591196903
0.3651240267547613,0.38594874053181233
-0.7614343020814521,-1.0949306349894772
-1.2970047511705067,-1.7979372644937976
1.1484569020446431,1.4090269213812854
-0.8989432375126968,-1.2663413753961636
-1.4870242645267326,-2.036179374132955
1.5424488218760826,1.9272516113636544
-1.2740751000936845,-1.7582302462206048
-1.6846015949890767,-2.2966903980683178
-1.2079367998378718,-1.6812316148338284
0.08138559769290524,0.016865876659924384
-1.350096699642112,-1.8668020861571302
-0.5473223965551546,-0.814566101917518
1.9541380578647234,2.4705671998744396
-0.1338890489266407,-0.26718360854500994
1.5070541895616778,1.8810622830691301
-0.043658356500757646,-0.1480625537254305
-0.7054355008767236,-1.0175500508739526
-0.8664554579314149,-1.2294563413551822
0.11794297110055811,0.0658771891866601
0.7356049249627533,0.864466412240988
1.9872072079926295,2.5078588129880233
-1.4751406538357752,-2.030079016840372
1.258129022267602,1.5573057795910037
0.1481052684953423,0.09627991320630942
-1.778901881241331,-2.429182652003161
-1.647462851034799,-2.2464341649120714
-0.9932435237649506,-1.3988336293310075
-1.6132309598136443,-2.20431174147927
1.9712540034753006,2.490420709011036
1.9872072079926295,2.5078588129880233
1.8621632537989667,2.344175303232179
-1.615556442000142,-2.2107940515006006
-0.2093292779284438,-0.37293346424932317
1.0028087789606566,1.2125252824461812
-0.24472391024284806,-0.4199113243451979
-0.349745066092811,-0.5544370307109027
-0.06484389593770595,-0.18166921470604022
-0.5963447512003894,-0.872093176896446
-0.043076985954132924,-0.14602910129457017
1.6126567159582663,2.0180033945944436
-0.6688781274690707,-0.9685387383472166
1.8296754742176853,2.3072902691911974
1.180944681625925,1.4463185344948692
-0.8670368284780394,-1.231489793786043
-1.1667284620572242,-1.6172222298335683
-0.43939438797206953,-0.6707361012982699
1.324267322523414,1.6343044109777793
2.0727869360455173,2.6136086686923377
-0.25777026202705455,-0.42804513406864225
0.1823371597164973,0.13840233663911214
-1.636741981437091,-2.244018759752463
1.238687594470526,1.5281479762008643
-0.7733179127724098,-1.1010309922820607
-1.7783205106947064,-2.427149199572301
0.25370779489192974,0.2311875723007629
1.5984476230808107,2.0046321954791795
-0.11735447386268777,-0.24733009940841283
-0.225863852992397,-0.3927869733859198
0.43707603247681814,0.4807674286243248
-0.1858182563049978,-0.3332264459761306
-0.3526519188259329,-0.5629527931630952
2.0727869360455173,2.6136086686923377
-0.263583967493299,-0.44586519077437736
1.9175806844570704,2.4191404821880944
0.09966428439673153,0.04116824338699129
1.8644887359854647,2.351446145054862
-0.9949876354048239,-1.403282486921477
0.8960435114708203,1.0735507184900062
1.6509582010057915,2.0734970171425107
0.9178104214543935,1.1088088791727293
0.07557189222666125,-0.0005722273170632611
-0.7915965994762362,-1.1253333590091272
0.8069755601381858,0.957251647902639
-0.5078581704143798,-0.7574209796673372
-1.795436456305284,-2.4490361611397584
0.5232371310763305,0.5885507367594989
1.6126567159582663,2.0180033945944436
1.4168234971357954,1.7619412282495506
-0.9053383135255654,-1.28619488453276
-1.030382267719228,-1.4498783942886038
-0.5467410260085304,-0.8125326494866564
-1.3666312747060654,-1.8866555952937265
0.3439384873178131,0.35234207955120267
-0.7431556153776255,-1.0706282682624109
0.4376574030234424,0.48280088105518515
-1.2552150428432336,-1.732276379791425
-1.3271670485652904,-1.8270950678839366
1.4345208132929976,1.7838281898170076
-1.0782418812712142,-1.5025500326044599
2.1441575712209495,2.708809309513598
2.0579964726214373,2.600237469577073
2.0043231536032065,2.530127727284229
0.27373059323562926,0.2623788281217631
-1.1130551430389937,-1.547112487540726
-0.8281539728838889,-1.1743446715358627
1.4162421265891711,1.7599077758186898
0.7904409850742333,0.937398138766043
-1.5453485479179587,-2.1200422682698115
1.0039715200539054,1.2173807191092538
-0.7213887053940521,-1.0353701075796882
-1.3489339585488636,-1.861946649494057
1.84388456709514,2.3198729365051127
-0.1362145311131384,-0.2736659185663414
0.8612302497030406,1.0293948426263428
-0.5438341732754084,-0.8032283552331141
-1.1171247368653645,-1.5596951548546405
-0.2925835237948337,-0.4722010099323054
1.5407047102362095,1.9228027537731833
2.0556709904349395,2.5937551595557418
1.4356835543862474,1.788277047407479
0.34626396950431065,0.3588243895725341
-1.2386804677792804,-1.7124228706548286
0.09326920838386282,0.0213147342503942
-0.577484693949939,-0.8449688259371682
1.2923609134887573,1.599046250295057
-0.0488906914203773,-0.16384915800030456
0.9549491654086704,1.1602355968590745
-0.6688781274690707,-0.9685387383472166
1.4014516631650906,1.7465365767034244
-0.29316489434145804,-0.47502299416451715
0.18524401244961924,0.1477066308926546
1.7754207846528296,2.234358542666144
1.341964638680617,1.6586067777048465
-0.7266210403136726,-1.050774759125814
-0.8470140301343398,-1.2002985379650428
-0.5101836526008774,-0.7635213369599207
-0.8499208828674616,-1.2096028322185857
-0.13214493728676732,-0.2631167036832868
-0.7242955581271749,-1.0435039173031326
-0.06716937812420364,-0.18776957199862374
0.5444226705132791,0.6217754450113605
-0.17219053397416656,-0.3226772310930772
-1.5990218669361895,-2.1909405423640047
0.5597945044839833,0.636773517484885
1.4197303498689178,1.7712455225030939
1.7701884497332097,2.2185719383912694
-1.7771577696014573,-2.4251157471414397
0.8316493228548812,1.0014075237663018
-1.1673098326038482,-1.6192556822644295
1.9877885785392535,2.5102742181476327
-0.7054355008767236,-1.0175500508739526
0.0990829138501072,0.03913479095612983
-0.7379232804580055,-1.0552236167162843
0.11154789508768942,0.04602368005006299
1.5447743040625799,1.9345224531863356
0.07964148605303227,0.010765519367340838
1.3997075515252175,1.7400542666820933
1.9477429818518548,2.450713690737844
0.20177858751357244,0.1675601400292519
-1.2781446939200554,-1.7719833980646178
0.49016798094842423,0.5488437184863058
-1.2740751000936845,-1.7582302462206048
-0.225863852992397,-0.3927869733859198
1.062877173991756,1.3032770656769719
0.5934450251585137,0.6793025199902891
1.5024032251886823,1.8676910839538645
-1.5235816379343858,-2.085190686659691
-0.7785502476920294,-1.116817596556935
2.0945538460290907,2.6492487821038084
1.8119781580604832,2.2846147758223903
-1.6657415377386258,-2.2703545789103905
-0.9578488914505471,-1.3530262537652311
-0.2600957442135523,-0.4353159758913239
-1.3506780701887369,-1.8692174913167394
1.203874332702747,1.4839921003372007
0.07847874495978323,0.00873206693647924
0.4684010709648509,0.5132036050748358
-0.6735290918420661,-0.9819099374624818
0.953205053768797,1.1557867392686036
1.3248486930700387,1.6367198161373888
1.5424488218760826,1.9272516113636544
-0.06542526648433028,-0.1837026671369018
0.04540959483187705,-0.030974951336712724
-1.4580247082251976,-2.0102255077037747
-1.3872354435963898,-1.9170583193133766
-0.5307878214912013,-0.7947125927809217
0.13447754616451102,0.0857306983232561
-0.2223756297126507,-0.38223775850286623
1.6875155744134447,2.121337845139148
-1.4568619671319487,-2.005776650113305
-1.6349978697972167,-2.23916332308939
-1.4031886481137184,-1.9348783760191115
1.631516773208716,2.044339213752371
-1.6886711888154478,-2.3100615971835827
0.5426785588734057,0.6169200083482879
-1.1159619957721156,-1.5556282499929182
-1.4693269483695315,-2.0122589601346363
-0.7437369859242496,-1.0726617206932716
1.217502055033578,1.4953298470216052
-0.010589206372851061,-0.10835553545223746
-0.8818272919021193,-1.244454413828706
0.2418241842009721,0.22712066743904097
0.3993559179759166,0.4276892112358658
1.6274471793823455,2.0313745937097076
-1.5624644935285366,-2.142717761638619
-1.5607203818886626,-2.135446919815937
0.7219772026319224,0.8531286655565837
0.1286638406982671,0.06829259434626958
-0.9395702047467208,-1.3287238870381646
-1.0953578268817918,-1.524436994171918
1.650376830459167,2.071081611982901
-0.3520705482793086,-0.5609193407322343
0.7591159465861997,0.9041734305141811
-0.1367959016597627,-0.27648790279855257
0.22528960913701887,0.20726715830244385
1.8290941036710613,2.304468284958986
-0.6729477212954418,-0.9798764850316208
0.9149035687212708,1.1006750694492844
-1.236936356139407,-1.7079740130643584
0.22180138585727216,0.19554745888929176
-1.0982646796149138,-1.5337412884254604
1.0564820979788874,1.2834235565403747
-0.844688547947842,-1.1941981806724593
-1.6492069626746724,-2.2505010697737937
-1.2981674922637554,-1.8003526696534062
1.4916823555909744,1.8656576315230038
0.8429515629992144,1.0054744286280248
1.2900354313022595,1.5925639402737262
1.8232803982048165,2.287436760054602
-0.20991064847506852,-0.3757554484815348
-1.2256341159950743,-1.7031185764012857
-1.7913668624789127,-2.435664962024493
-1.7223217094899783,-2.3497686154567763
-0.1910505912246175,-0.3486310975222566
1.8769537172230468,2.3575465023474433
2.132855331076616,2.704360451923126
1.0033901495072814,1.2153472666783924
0.7196517204454248,0.8466463555352524
0.010014962517473178,-0.0779528114325881
2.1264602550637473,2.684506942786531
-1.7542281185246362,-2.3854087288682466
1.3083141180060862,1.6168663070007927
0.27721881651537594,0.2729280430048165
-0.6152048084508409,-0.8984289960543738
1.48586865012473,1.8478375748172682
-1.4173977409911735,-1.9486315278631243
-0.11909858550256068,-0.25381240942974426
-0.7443183564708744,-1.0750771258528806
-1.3495153290954882,-1.864768633726269
0.9337636259717221,1.1266289358784647
1.0971090652129105,1.3450175363810253
-1.1548448513662664,-1.6131553249718456
-0.8328049372568843,-1.189749323081989
0.11271063618093842,0.050472537640533936
0.8458584157323363,1.0139901910802167
0.04657233592512568,-0.02690804647499078
-1.0976833090682894,-1.5317078359945997
-0.9224542591361432,-1.3060483936693568
0.4022627707090385,0.4362049736880589
-0.5078581704143798,-0.7574209796673372
0.48784249876192654,0.5423614084649744
-0.9761275781543731,-1.3769466677635502
-0.48841674261730483,-0.7282631762771983
0.48784249876192654,0.5423614084649744
-0.6865754436262729,-0.9912142317160243
0.2943347621259532,0.2927815521414135
1.5206819118925092,1.892400029753534
-1.2073554292912476,-1.6788162096742187
-0.2075851662885708,-0.3684846066588533
-0.7785502476920294,-1.116817596556935
-0.1156103622228144,-0.2432631945466909
-1.1667284620572242,-1.6172222298335683
1.0805744901489576,1.3251640272444296
0.059618687709332346,-0.0183922840227989
1.877535087769671,2.3595799547783054
-0.137377272206387,-0.278521355229413
1.1690610709349674,1.4402181772022855
-1.7034616522395272,-2.323432796298848
1.7548166157625058,2.2031672868451437
1.9123483495374507,2.4037358306419687
-0.6511808113118691,-0.9442363716201503
-1.3666312747060654,-1.8866555952937265
1.6509582010057915,2.0734970171425107
0.7208144615386739,0.8486798079661139
1.7229102067278483,2.1683157052350235
-1.690415300455321,-2.3141285020453055
-1.6013473491226868,-2.197422852385336
-0.9578488914505471,-1.3530262537652311
1.7725139319197076,2.2250542484126012
0.5067025560123772,0.568697227622903
-0.45418485139614967,-0.6861407528443959
0.0990829138501072,0.03913479095612983
1.258710392814226,1.5593392320218642
1.6332608848485894,2.0491946504154437
0.9149035687212708,1.1006750694492844
1.4026144042583395,1.7485700291342863
-0.20700379574194613,-0.3664511542279917
-1.1171247368653645,-1.5596951548546405
-1.0445913605966832,-1.4628430143312672
0.4855170165754288,0.5354725193710411
0.4512851253542737,0.4933500959382384
0.7219772026319224,0.8531286655565837
1.2357807417374045,1.5196322137486709
0.7184889793521763,0.8425794506735308
-1.3872354435963898,-1.9170583193133766
-0.4022556440177924,-0.6204798681420234
-1.438583280428122,-1.9810677043136364
-0.38572106895383945,-0.6006263590054269
-0.32914089720248657,-0.521212322459041
-0.6140420673575918,-0.8939801384639037
2.111088421093043,2.6691022912404034
0.5934450251585137,0.6793025199902891
0.00594536869110214,-0.08850202631564143
1.556657914753537,1.9406228104789192
-1.5943709025631938,-2.1775693432487397
-0.8670368284780394,-1.231489793786043
0.7538836116665801,0.8883868262393074
1.8421404554552667,2.313772579212529
1.5778434541904858,1.974229471459528
-0.36802375279663707,-0.5787393974379692
-0.3526519188259329,-0.5629527931630952
-1.236936356139407,-1.7079740130643584
-0.9584302619971713,-1.3550597061960927
-0.10140126934535884,-0.22951004270267727
-1.8113896608226123,-2.466856217845494
0.7060239981145938,0.8353086088508492
1.0092038549735254,1.2323787915827786
1.95239394622485,2.4632963580517577
1.609168492678519,2.0066656479100398
1.0051342611471543,1.2197961242688637
-0.3651169000635148,-0.5694351031844266
0.10024565494335624,0.04399022761920253
1.562471620219781,1.9584428671846548
1.3602433253844433,1.6825271917031652
-0.5844611405094322,-0.8648223350737645
1.7382820406985526,2.1833137777085465
-1.581324550778987,-2.1690535807965476
-1.7771577696014573,-2.4251157471414397
1.4551249821833219,1.817434850797618
1.7336310763255576,2.1703491576658833
1.2021302210628741,1.4799251954754788
0.972065111019248,1.1821225584265318
1.6640045527899985,2.0816308268659554
-0.2954903765279557,-0.48150530418584847
1.918743425550319,2.4235893397785655
-1.6663229082852504,-2.2723880313412517
-0.2989785998077024,-0.4920545190689018
-1.202704464918252,-1.6662335423603045
-1.1838444076678014,-1.6391091914010258
0.07847874495978323,0.00873206693647924
1.6680741466163695,2.093350526279107
1.3413832681339921,1.6565733252739856
0.4724706647912219,0.5269567569188482
-1.8108082902759879,-2.4648227654146324
0.36279854456826366,0.3786778987091302
-1.561883122981912,-2.1398957774064074
-0.5638569716191075,-0.8344196110541141
0.16812806683904197,0.12543771659644914
-0.9926621532183264,-1.3968001769001466
-1.3814217381301455,-1.899620215336389
1.489938243951101,1.8612087739325323
-0.6198557728238363,-0.9118001951696386
-0.813363509459809,-1.16059151969185
1.1678983298417187,1.4381847247714241
2.092228363842593,2.6419779402811265
-0.5267182276648302,-0.7833748460965174
0.917229050907769,1.1067754267418675
-1.7034616522395272,-2.323432796298848
-0.11851721495593637,-0.25177895699888386
0.9851114628034546,1.190638320878724
0.7060239981145938,0.8353086088508492
1.9181620550036944,2.4215558873477043
-1.2604473777628535,-1.7476810313375513
-0.7077609830632215,-1.0236504081665359
0.3970304357894188,0.4212069012145345
0.9851114628034546,1.190638320878724
-0.5609501188859856,-0.8251153168005716
-0.831060825617011,-1.1824784812593074
0.6352347334857861,0.7433119049905484
-1.5453485479179587,-2.1200422682698115
-0.6677153863758218,-0.9640898807567468
1.0976904357595354,1.347050988811887
1.2740822267849308,1.5747438835679903
0.7213958320852983,0.8507132603969755
-1.4391646509747469,-1.9838896885458472
-0.3828142162207171,-0.5913220647518842
0.7036985159280961,0.828826298829518
0.7916037261674815,0.9418469963565127
1.469334075060777,1.827984065680672
1.5395419691429604,1.9187358489114612
1.596703511440937,2.000183337888708
-1.3825844792233943,-1.9044756519994614
0.2406614431077231,0.22267180984856993
-0.6546690345916157,-0.9559560710333017
-0.5603687483393613,-0.8230818643697103
0.07673463331990986,0.0014612251137982005
-0.48841674261730483,-0.7282631762771983
0.380495860725466,0.40135339207793846
0.49016798094842423,0.5488437184863058
0.6500251969098659,0.7587165565366742
-1.2021230943716275,-1.6634115581280926
0.6523506790963635,0.7651988665580056
-1.7542281185246362,-2.3854087288682466
1.7553979863091307,2.2052007392760036
0.06136279934920569,-0.013536847359726205
1.468171333967528,1.8259506132498107
-1.7759950285082087,-2.420666889550969
0.13331480507126245,0.08087526166018338
1.2705940035051837,1.563406136883586
1.5589833969400348,1.9471051205002505
-0.5449969143686569,-0.8076772128235836
-1.1005901618014116,-1.5398416457180435
1.6291912910222184,2.0378569037310394
1.2375248533772776,1.525732571041254
-0.9938248943115751,-1.4008670817618685
1.6480513482726693,2.0641927228889685
-0.5238113749317083,-0.7748590836443251
1.9500684640383525,2.456814048030426
-0.22063151807277737,-0.37778890091239586
1.485287279578106,1.8458041223864068
0.24240555474759645,0.22915411986990145
-0.9578488914505471,-1.3530262537652311
-1.7736695463217111,-2.4133960477282876
1.1107367875437415,1.3563552830654293
0.13040795233814004,0.07235949920799152
0.8487652684654586,1.0232944853337596
0.5090280381988748,0.5751795376442342
0.6140491940488382,0.7097052440099388
1.4728222983405237,1.839321812365075
0.5568876517508613,0.6282577550326919
1.6982364440111535,2.1237532502987575
1.734793817418807,2.172764562825493
-1.7411817667404281,-2.376104434614704
-1.794273715212035,-2.444969256278035
2.019694987573912,2.545532378830355
0.34335711677118824,0.35030862712034117
1.9529753167714747,2.46611834228397
2.145901682860823,2.71287621437532
2.09048425220272,2.637529082690657
0.7350235544161293,0.8624329598101278
-0.8499208828674616,-1.2096028322185857
1.5784248247371102,1.9762629238903904
0.027130908128050468,-0.055277318063779786
2.0420432681041083,2.5824174128713366
-0.3656982706101395,-0.5714685556152875
0.8446956746390873,1.0095413334897467
0.059618687709332346,-0.0183922840227989
-1.0593818240207633,-1.4762142134465321
0.1173616005539338,0.06384373675579852
1.985463096352756,2.50300337632495
1.4504740178103266,1.8016482465227435
-1.1548448513662664,-1.6131553249718456
1.1490382725912678,1.4110603738121459
-0.9413143163865941,-1.3331727446286348
0.8606488791564164,1.0273613901954826
1.918743425550319,2.4235893397785655
1.718840612901477,2.154944506119757
-1.0953578268817918,-1.524436994171918
0.5627013572171052,0.6460778117384275
0.09326920838386282,0.0213147342503942
-1.7925296035721616,-2.440520398687566
-0.7585274493483299,-1.0856263407359348
-1.4333509455085025,-1.9660696318401123
0.6152119351420867,0.7141541016004099
-0.7054355008767236,-1.0175500508739526
0.07673463331990986,0.0014612251137982005
-1.542441695184836,-2.1115265058176185
-1.0982646796149138,-1.5337412884254604
0.3102879666432821,0.31060160884714927
-1.757716341804382,-2.3959579437513
1.5772620836438611,1.9718140662999188
1.520100541345885,1.8903665773226723
0.8806716775001162,1.058552646016483
2.112251162186292,2.673169196102126
0.4713079236979733,0.5225078993283783
0.8240915057487633,0.9791386094700966
1.7336310763255576,2.1703491576658833
0.16812806683904197,0.12543771659644914
0.22005727421739882,0.1914805540275698
-1.5955336436564427,-2.179602795679601
-0.7915965994762362,-1.1253333590091272
0.6117237118623401,0.7036048867173553
0.5438412999666542,0.6197419925804992
1.0257384300374779,1.2522323007193745
-0.06193704320458357,-0.1723649204524976
0.2931720210327047,0.29074809971055204
1.1165504930099859,1.3741753397711647
1.2204089077667004,1.5038456094737964
1.6657486644298722,2.0860796844564256
0.9326008848784731,1.122562031016742
-0.831060825617011,-1.1824784812593074
-1.4168163704445496,-1.9462161227035153
-1.1171247368653645,-1.5596951548546405
-0.7031100186902258,-1.011067740852621
-1.7742509168683354,-2.4158114528878967
-1.7411817667404281,-2.376104434614704
-0.9743834665145,-1.3728797629018272
-1.7199962273034803,-2.3432863054354445
1.6640045527899985,2.0816308268659554
-0.9018500902458187,-1.2756456696497067
-0.7225514464873012,-1.03943701244141
1.846791419828262,2.329177230758655
-1.3997004248339722,-1.9243291611360576
0.024805425941552797,-0.06254815988646191
-0.4718821675533515,-0.7084096671406015
-1.333562124578159,-1.8469485770205334
0.7367676660560021,0.8664998646718496
0.8800903069534914,1.056519193585621
0.7921850967141061,0.9438804487873743
1.0092038549735254,1.2323787915827786
1.9352780006142716,2.4434428489151614
-1.5047215806839351,-2.058448288429161
0.36744950894125905,0.39204909782439584
-0.029449263623302097,-0.13469135461016596
0.7921850967141061,0.9438804487873743
-0.9166405536698988,-1.2890168687649712
0.45012238426102513,0.48928319107651663
0.09675743166360953,0.032652480934798424
0.18582538299624352,0.14974008332351624
-0.1875623679448712,-0.3380818826392032
1.7359565585120553,2.176831467687215
1.7406075228850504,2.1902026668024805
0.579817302827683,0.6679647733058851
1.880441940502793,2.368884249031848
-0.348582324999562,-0.54958159404783
-1.150193886993271,-1.597368720696972
-1.2581218955763558,-1.7407921422436174
-1.702880281692903,-2.3213993438679874
-1.3123765851412108,-1.8137238687686714
0.45070375480764935,0.4913166435073782
0.9549491654086704,1.1602355968590745
-0.263583967493299,-0.44586519077437736
0.02654953758142616,-0.058099302295990876
1.9683471507421784,2.4811164147574933
1.631516773208716,2.044339213752371
-1.725809932769725,-2.36110636214118
0.986855574443328,1.1954937575417965
-0.259514373666928,-0.43249399165911284
-0.06368115484445691,-0.17722035711557024
-1.5241630084810098,-2.0876060918193
1.9541380578647234,2.4705671998744396
1.3608246959310675,1.6845606441340255
-0.6865754436262729,-0.9912142317160243
0.9018572169370646,1.0913707751957418
-1.1513566280865197,-1.601817578287442
0.1823371597164973,0.13840233663911214
-0.9012687196991944,-1.273612217218845
-1.7394376551005557,-2.3716555770242334
-0.6181116611839627,-0.9069447585065661
1.700561926197651,2.1306421393926906
0.02596816703480143,-0.06013275472685245
0.20701092243319247,0.18296479157537787
-0.9714766137813776,-1.3635754686482848
-1.5647899757150339,-2.1492000716599504
-1.7548094890712604,-2.387442181299108
-0.8475954006809638,-1.202331990395904
-0.0071009830931047626,-0.09780632056918409
1.1330850680739393,1.3940288489077615
0.5261439838094527,0.5970664992116917
-0.32914089720248657,-0.521212322459041
0.1510121212284643,0.1055842074598532
1.4345208132929976,1.7838281898170076
0.7591159465861997,0.9041734305141811
0.27140511104913156,0.2551079862990819
0.6836757175843968,0.7984235748098676
-0.45709170412927164,-0.6954450470979392
1.9312084067879016,2.430860181601247
0.7950919494472282,0.9523962112395661
-1.636741981437091,-2.244018759752463
1.6451444955395473,2.0556769604367755
-0.9938248943115751,-1.4008670817618685
1.9689285212888026,2.4831498671883545
-1.21982041052883,-1.6860870514969006
1.9146738317239482,2.4110066724646506
0.8293238406683836,0.9941366819436208
-1.2415873205124028,-1.7209386331070207
1.2906168018488837,1.5945973927045871
-1.1342406824759423,-1.5795486639912362
2.111088421093043,2.6691022912404034
0.5238185016229546,0.5905841891903604
0.9691582582861261,1.1728182641729885
0.7190703498988005,0.8446129031043922
2.10934430945317,2.664653433649935
-1.3825844792233943,-1.9044756519994614
-1.1359847941158157,-1.5868195058139178
0.1510121212284643,0.1055842074598532
1.2198275372200758,1.5018121570429364
-0.31493180432503143,-0.5098745757746369
1.7200033539947257,2.1590114109814795
0.5037957032792552,0.56018146517071
-0.577484693949939,-0.8449688259371682
1.0092038549735254,1.2323787915827786
1.918743425550319,2.4235893397785655
1.5087983012015513,1.8875445930904617
-0.7915965994762362,-1.1253333590091272
2.145901682860823,2.71287621437532
-0.04830932087375299,-0.16181570556944422
2.0385550448243617,2.571868197988284
1.6286099204755942,2.035823451300179
1.2180834255802022,1.4977452521812131
-1.132496570836069,-1.575481759129515
0.7544649822132041,0.8904202786701676
0.31377618992302886,0.3219393555315522
1.1342478091671877,1.3960623013386222
-0.6369717184344134,-0.9336871567370965
0.061944169895830015,-0.011121442200116741
1.199804738876376,1.473442885454147
-1.1005901618014116,-1.5398416457180435
-0.24065431641647703,-0.40615817250118474
1.7760021551994547,2.2363919950970046
-0.2754675781842566,-0.45031404836484773
-0.6677153863758218,-0.9640898807567468
0.9137408276280224,1.0962262118588146
1.0776676374158358,1.3166482647922362
0.24240555474759645,0.22915411986990145
1.2764077089714285,1.5812261935893217
-0.6706222391089443,-0.9733941750102895
1.0805744901489576,1.3251640272444296
-1.0280567855327305,-1.4429895051946706
-1.4168163704445496,-1.9462161227035153
1.842721826001891,2.315806031643391
1.972416744568549,2.494487613872759
-0.9738020959678755,-1.3704643577422186
-1.0463354722365565,-1.46769845099434
-1.653276556501043,-2.2638722688890587
-0.27430483709100756,-0.44789864320523887
0.3651240267547613,0.38594874053181233
-0.8127821389131844,-1.1585580672609888
-0.8281539728838889,-1.1743446715358627
-1.5293953434006302,-2.1030107433654264
-1.542441695184836,-2.1115265058176185
-0.294327635434707,-0.4770564465953781
0.2595215003581737,0.24900762900649853
0.16870943738566627,0.12785312175605865
-0.5661824538056055,-0.8409019210754453
-0.5438341732754084,-0.8032283552331141
-1.5653713462616585,-2.151233524090812
0.3787517490855926,0.3964979554148659
0.986855574443328,1.1954937575417965
0.5261439838094527,0.5970664992116917
-1.3625616808796945,-1.873284396178461
-0.36453552951689044,-0.5670196980248178
-0.6546690345916157,-0.9559560710333017
2.111088421093043,2.6691022912404034
0.0071081097843507775,-0.08646857388477984
1.0062970022404032,1.2238630291305854
-0.013496059105973459,-0.11765982970578116
-0.5992516039335117,-0.8806089393486387
2.10934430945317,2.664653433649935
0.18291853026312155,0.14043578906997356
0.36221717402163933,0.3766444462782697
-0.4364875352389471,-0.6622203388460774
1.8644887359854647,2.351446145054862
-1.1188688485052376,-1.5641440124451107
-0.7585274493483299,-1.0856263407359348
-0.38165147512746844,-0.5892886123210233
0.34626396950431065,0.3588243895725341
-1.5766735864059913,-2.1532669765216723
-0.34683821335968895,-0.5451327364573597
-1.670973872658246,-2.2861411831852645
0.5568876517508613,0.6282577550326919
-1.132496570836069,-1.575481759129515
0.9851114628034546,1.190638320878724
2.0916469932959685,2.6399444878502645
-0.9938248943115751,-1.4008670817618685
1.0576448390721356,1.2874904614020966
-0.15100499453721822,-0.28907057011246745
0.5975146189848848,0.6898517348733427
0.9012758463904404,1.088955370036132
1.3654756603040628,1.6983137959780394
-1.688089818268823,-2.3080281447527216
1.0788303785090843,1.3210971223827064
1.4174048676824198,1.7639746806804124
-0.6198557728238363,-0.9118001951696386
-0.2772116898241299,-0.45720293745878154
-0.8122007683665602,-1.1565246148301278
0.254289165438554,0.2332210247316245
1.2398503355637749,1.5330034128639363
0.7715809278237816,0.9102737878067647
-1.2256341159950743,-1.7031185764012857
0.2188945331241502,0.18741364916584788
2.039136415370986,2.573901650419144
-0.8281539728838889,-1.1743446715358627
0.25719601817167603,0.2425253189851671
1.3129650823790822,1.6322709585469186
-1.2404245794191537,-1.7185232279474116
-1.4333509455085025,-1.9660696318401123
-1.3306552718450375,-1.8376442827669905
-1.3872354435963898,-1.9170583193133766
-0.8510836239607108,-1.214051689809056
1.5607275085799082,1.951960557163323
0.5078652971056261,0.5727641324846248
2.0379736742777372,2.5698347455574218
-1.7075312460658982,-2.336397416341511
1.0092038549735254,1.2323787915827786
-1.223890004355201,-1.698669718810815
0.31377618992302886,0.3219393555315522
1.4916823555909744,1.8656576315230038
-0.2223756297126507,-0.38223775850286623
-0.38572106895383945,-0.6006263590054269
0.917229050907769,1.1067754267418675
2.111088421093043,2.6691022912404034
1.4522181294502001,1.8081305565440748
1.86390736543884,2.349030739895252
-1.1513566280865197,-1.601817578287442
-1.5465112890112072,-2.1248977049328834
-0.29316489434145804,-0.47502299416451715
-1.11654336631874,-1.5576617024237793
-0.45418485139614967,-0.6861407528443959
-1.3506780701887369,-1.8692174913167394
0.7921850967141061,0.9438804487873743
-1.1673098326038482,-1.6192556822644295
-0.32914089720248657,-0.521212322459041
0.11619885946068476,0.061021752523587415
-0.31028083995203604,-0.49487650330111316
-0.2093292779284438,-0.37293346424932317
-1.4574433376785734,-2.0081920552729136
0.6677225130670678,0.7806035181041318
1.8119781580604832,2.2846147758223903
0.6500251969098659,0.7587165565366742
1.5395419691429604,1.9187358489114612
1.8644887359854647,2.351446145054862
0.09443194947711184,0.026170170913466885
-1.36198031033307,-1.8712509437476001
-0.32739678556261326,-0.5167634648685712
0.7892782439809839,0.9345761545338319
-0.06658800757757932,-0.18573611956776215
-1.8261801242466924,-2.4802274169607585
-0.4399757585186938,-0.6735580855304816
1.8119781580604832,2.2846147758223903
1.6634231822433743,2.079597374435094
1.0216688362111075,1.2396496334054596
1.1490382725912678,1.4110603738121459
0.39644906524279416,0.4183849169823232
-0.5415086910889106,-0.7971279979405304
-0.14984225344396923,-0.28500366525074444
1.8615818832523423,2.3421418508013176
-0.08544806482803022,-0.2120719387256908
1.6999805556510263,2.12860868696183
-1.6686483904717482,-2.2788703413625826
-1.1484497753533975,-1.5933018158352497
-1.7771577696014573,-2.4251157471414397
-1.5053029512305593,-2.0604817408600216
-1.3318180129382862,-1.8420931403574607
0.9549491654086704,1.1602355968590745
-0.6900636669060195,-1.0017634465990783
-1.1011715323480362,-1.542257050877653
-0.6706222391089443,-0.9733941750102895
0.32624117116061074,0.3284216655528836
1.9529753167714747,2.46611834228397
0.9178104214543935,1.1088088791727293
-1.1702166853369707,-1.6285599765179724
-0.24239842805635037,-0.4126404825225163
1.7713511908264588,2.2230207959817396
0.8824157891399895,1.0630015036069527
-1.5636272346217852,-2.14475121406948
1.4734036688871481,1.8413552647959368
1.6114939748650168,2.0139364897327217
-0.4588358157691449,-0.6998939046884094
-0.4347434235990738,-0.658153433984355
-0.9561047798106737,-1.3485773961747607
1.2575476517209776,1.5548903744313942
0.7910223556208575,0.939431591196903
1.1638287360153476,1.4244315729274115
2.001997671416709,2.522856885461548
0.5786545617344337,0.6638978684441632
0.27140511104913156,0.2551079862990819
0.7414186304289978,0.8822864689467238
-1.5955336436564427,-2.179602795679601
1.3596619548378188,1.6804937392723034
-1.7057871344260254,-2.3299151063201795
-1.6309282759708463,-2.2265806557754755
0.39644906524279416,0.4183849169823232
-1.350096699642112,-1.8668020861571302
-0.16986505178766886,-0.3161949210717455
-1.2581218955763558,-1.7407921422436174
1.6657486644298722,2.0860796844564256
-1.0121035810154013,-1.4251694484889357
-0.43706890578557184,-0.6642537912769385
-1.2375177266860313,-1.7103894182239676
1.2015488505162493,1.4778917430446172
-0.40574386729753875,-0.6310290830250772
1.8627446243455907,2.346997287464391
1.8267686214845633,2.2979859749376543
-0.31376906323178244,-0.505425718184167
0.18582538299624352,0.14974008332351624
-1.1531007397263928,-1.6066730149505146
-0.23891020477660366,-0.40209126763946224
0.4713079236979733,0.5225078993283783
0.917229050907769,1.1067754267418675
1.1295968447941926,1.382691102223357
0.7213958320852983,0.8507132603969755
1.2764077089714285,1.5812261935893217
-0.11328488003631673,-0.23678088452535948
1.7696070791865857,2.2165384859604087
-1.7919482330255372,-2.437698414455354
-0.13447041947326502,-0.2692170609758704
0.23775459037460103,0.21336751559502737
-1.6184632947332638,-2.2193098139527936
-1.0965205679750412,-1.527258978404129
0.27838155760862493,0.27496149543567805
1.1992233683297515,1.4706209012219351
0.6706293658001898,0.7891192805563249
0.2406614431077231,0.22267180984856993
-1.0782418812712142,-1.5025500326044599
1.682283239493825,2.1059331935930223
1.7524911335760083,2.1966849768238124
0.41763460467974317,0.451609625234185
-0.6334834951546667,-0.9223494100526928
1.8786978288629204,2.3640288123687756
0.36221717402163933,0.3766444462782697
2.0733683065921418,2.6156421211231984
-0.8510836239607108,-1.214051689809056
0.811045153964557,0.9698343152165539
2.113995273826166,2.6772361009638495
-0.5101836526008774,-0.7635213369599207
1.8975578861133704,2.391153163328054
-0.4747890202864734,-0.7177139613941448
1.2563849106277285,1.5528569220005328
1.559564767486659,1.9499271047324618
1.3608246959310675,1.6845606441340255
1.8975578861133704,2.391153163328054
2.092809734389217,2.6447999245133373
-1.0646141589403832,-1.4920008177214061
-0.7048541303300988,-1.0155165984430914
-1.3094697324080884,-1.8052081063164787
0.8600675086097918,1.0253279377646212
1.4156607560425465,1.7578743233878282
-0.42169707181486776,-0.6488491397308123
-0.7219700759406772,-1.0374035600105491
1.0269011711307274,1.2550542849515856
-0.5975074922936384,-0.8741266293273074
-1.7971805679451573,-2.4531030660014808
-0.15274910617709161,-0.29351942770293743
-1.1371475352090645,-1.5888529582447795
-0.2247011118991484,-0.3883381157954492
0.294916132672578,0.294815004572274
1.1319223269806902,1.3891734122446882
2.004904524149831,2.5321611797150907
1.2558035400811043,1.5500349377683216
-0.15391184727034024,-0.29837486436601013
1.9483243523984792,2.4527471431687045
0.5096094087454995,0.5772129900750947
1.2558035400811043,1.5500349377683216
-0.6494366996719957,-0.9401694667584279
-1.577254956952616,-2.1553004289525344
-1.7011361700530296,-2.3165439072049145
-0.5632756010724832,-0.832386158623253
-1.4197232231776713,-1.954731885155708
1.3619874370243163,1.6869760492936352
0.3114507077365313,0.31466851370887117
-0.6677153863758218,-0.9640898807567468
-1.7571349712577577,-2.393542538591691
2.129948478343494,2.695056157669584
-0.42111570126824344,-0.6464337345712036
1.3248486930700387,1.6367198161373888
-1.2050299471047496,-1.672715852381636
-1.1838444076678014,-1.6391091914010258
-1.6013473491226868,-2.197422852385336
-0.9543606681708001,-1.3413065543520795
0.8853226418731113,1.0715172660591457
1.469334075060777,1.827984065680672
-1.758297712351007,-2.3979913961821615
-1.2021230943716275,-1.6634115581280926
0.6134678235022134,0.7076717915790784
-1.080567363457712,-1.509438921698394
1.7217474656345992,2.1634602685719506
-0.990336671031829,-1.390317866878815
0.1173616005539338,0.06384373675579852
0.9891810566298258,1.2019760675631281
-0.32914089720248657,-0.521212322459041
1.9364407417075211,2.4462648331473726
1.5041473368285558,1.8725465206169365
0.6500251969098659,0.7587165565366742
-0.7614343020814521,-1.0949306349894772
-0.4187902190817457,-0.6403333772786198
0.4016814001624142,0.4337895685284494
0.13622165780438442,0.09017955591372717
0.420541457412865,0.46091391948772753
-1.3300739012984129,-1.835610830336129
-0.1881437384914955,-0.3404972877988115
-1.7565536007111338,-2.3915090861608306
-1.7205775978501048,-2.3457017105950535
0.848183897918834,1.0212610329028993
-1.0953578268817918,-1.524436994171918
-1.010940839922153,-1.4207205908984648
1.970091262382051,2.488005303851428
-1.4197232231776713,-1.954731885155708
-0.4034183851110411,-0.6245467730037458
-1.5235816379343858,-2.085190686659691
1.557820655846786,1.9426562629097806
1.9004647388464928,2.3992869730514985
0.3857281956450856,0.4163514645514629
1.341964638680617,1.6586067777048465
1.7205847245413508,2.1610448634123407
-1.1171247368653645,-1.5596951548546405
1.8090713053273613,2.2760990133701973
-1.6126495892670196,-2.2022782890484085
-1.1838444076678014,-1.6391091914010258
-0.5455782849152816,-0.8097106652544453
1.700561926197651,2.1306421393926906
0.953205053768797,1.1557867392686036
-1.5778363274992397,-2.1577158341121425
0.6459556030834946,0.7453453574214097
1.703468778930773,2.1391579018448836
0.22296412695052117,0.19999631647976274
-0.20991064847506852,-0.3757554484815348
-1.7229030800366025,-2.351802067887637
-1.687508447722199,-2.3059946923218613
1.0057156316937788,1.221829576699724
